Code-barres;Référence;Produit;Marque;Catégorie;Prix vente TTC (€);Stock;Statut prix;Note
;;1 4,80 € 4,80 € Assault Concentre Call Of Vape Cloud Vapor 30ml;;;;5;Prix manquant;Prix de vente à renseigner.
;;10 5,20 € 52,00 € Aerys Fixion 100mL - Dosage nicotine : 00 mg;;;;2;Prix manquant;Prix de vente à renseigner.
;;100 0,28 € 28,00 € Vape Band 24-32mm Couleur Aléatoire;;;;20;Prix manquant;Prix de vente à renseigner.
;;2 5,31 € 10,62 €;;;;2;Prix manquant;Prix de vente à renseigner.
;;2 7,82 € 15,64 € PRECISIO BLASTER Sub-Ohm Tank 4.5ml BD Vape - Couleur : Black;;;;5;Prix manquant;Prix de vente à renseigner.
;;20 3,60 € 72,00 € Assault Call Of Vape Cloud Vapor 100ml - Dosage nicotine : 00 mg;;;;6;Prix manquant;Prix de vente à renseigner.
;;20 5,20 € 104,00 €;;;;2;Prix manquant;Prix de vente à renseigner.
;;20 5,20 € 104,00 € Beast Concentre The MDS Juice 30ml;;;;1;Prix manquant;Prix de vente à renseigner.
;;200 0,29 € 58,00 €;;;;3;Prix manquant;Prix de vente à renseigner.
;;3 4,90 € 14,70 €;;;;5;Prix manquant;Prix de vente à renseigner.
;;3 5,61 € 16,83 € Kit Kanger Evo Pod Kangertech - Couleur : Black;;;;5;Prix manquant;Prix de vente à renseigner.
;;3 7,82 € 23,46 € Pack de 2 Cartouches 5ml Pnp X Pod DTL Voopoo - Couleur : Black;;;;2;Prix manquant;Prix de vente à renseigner.
;;300 0,22 € 66,00 € Box Centaurus M200 200W Lost Vape - Couleur : Sakura Dance;;;;1;Prix manquant;Prix de vente à renseigner.
;;4 0,98 € 3,92 €;;;;10;Prix manquant;Prix de vente à renseigner.
;;4 1,15 € 4,60 € Mint & Dragon Fruit Mintaia EliquidFrance 50ml - Dosage nicotine : 00 mg;;;;8;Prix manquant;Prix de vente à renseigner.
;;400 0,22 € 88,00 € Kit Aegis Legend 5 (+ Z Sub 5,5ml) GeekVape - Couleur : Aurora Rainbow;;;;1;Prix manquant;Prix de vente à renseigner.
;;5 1,50 € 7,50 €;;;;5;Prix manquant;Prix de vente à renseigner.
;;5 4,00 € 20,00 € Demon Fizz MIV Made In Vape 100mL - Dosage nicotine : 00 mg;;;;4;Prix manquant;Prix de vente à renseigner.
;;5 4,20 € 21,00 € Kit Armour Max (+ iTank T 6ml) Vaporesso - Couleur : Cyber Blue;;;;1;Prix manquant;Prix de vente à renseigner.
;;5 5,80 € 29,00 € Force Noire Force Vape Swoke 100mL - Dosage nicotine : 00 mg;;;;4;Prix manquant;Prix de vente à renseigner.
;;5 6,10 € 30,50 €;;;;300;Prix manquant;Prix de vente à renseigner.
;;6 6,10 € 36,60 € Dragon Fruits Rouges Dragonzz Liquideo 50mL - Dosage nicotine : 00 mg;;;;5;Prix manquant;Prix de vente à renseigner.
;;600 0,22 € 132,00 € Cartouche 15mL Avata Aspire - Intensité résistance : 0.4 ohm;;;;12;Prix manquant;Prix de vente à renseigner.
;;8 4,90 € 39,20 € Sachet Cotton V2 10g Fiber n' Cotton;;;;5;Prix manquant;Prix de vente à renseigner.
;;[PACK] Offre Kit Ursa Nano 3 Saga Series Lost Vape (Quantity: 1) » Discount Offre Kit Ursa Nano 3 Saga Series Lost Vape -0,08 € PRECISIO BLASTER Sub-Ohm Tank 4.5ml BD Vape - Couleur : Black;;;;4;Prix manquant;Prix de vente à renseigner.
;;[PACK] Offre Wenax M Starter Kit Avocado Green Geekvape (Quantity: 1) » Discount Offre Wenax M Starter Kit Avocado Green Geekvape -9,89 € [PACK] Offre Wenax M Starter Kit Black Geekvape (Quantity: 1) » Kit Wenax M1 Mini GeekVape - Earth Art;;;;1;Prix manquant;Prix de vente à renseigner.
;;Accu 18A 18650 4000mAh MPV;;;;13;Prix manquant;Prix de vente à renseigner.
;;Accu 20A 18650 3500mAh MPV;;;;12;Prix manquant;Prix de vente à renseigner.
;;Accu 20A 18650 3500mAh MXJO;;;;12;Prix manquant;Prix de vente à renseigner.
;;Accu 20A 18650 3500mAh WIMBI;;;;52;Prix manquant;Prix de vente à renseigner.
;;Accu 20A 18650 3800mAh MPV;;;;36;Prix manquant;Prix de vente à renseigner.
;;Accu 20A 21700 6000mAh MPV - Dosage nicotine : 00 mg;;;;20;Prix manquant;Prix de vente à renseigner.
;;Accu 30A 21700 5000mAh MPV;;;;10;Prix manquant;Prix de vente à renseigner.
;;Accu 30A 21700 5000mAh WIMBI;;;;40;Prix manquant;Prix de vente à renseigner.
;;Accu 30A 21700 5000mAh X Power;;;;5;Prix manquant;Prix de vente à renseigner.
;;Agent Cooling Additifs Swoke 10ml;;;;5;Prix manquant;Prix de vente à renseigner.
;;Ananas Fraise Peche Mexican Cartel 50ml - Dosage nicotine : 00 mg;;;;10;Prix manquant;Prix de vente à renseigner.
;;Ananas Kiwi Jaune Ice Cool by Liquidarom 50ml - Dosage nicotine : 00 mg;;;;4;Prix manquant;Prix de vente à renseigner.
;;Apocalypse Kaiju Vape Maker 50ml - Dosage nicotine : 00 mg;;;;8;Prix manquant;Prix de vente à renseigner.
;;Archeon Fixion 100mL - Dosage nicotine : 00 mg;;;;2;Prix manquant;Prix de vente à renseigner.
;;Assault Call Of Vape Cloud Vapor 100ml - Dosage nicotine : 00 mg;;;;5;Prix manquant;Prix de vente à renseigner.
;;Bandoleros Road Fresh & Furious Vape Maker 50ml - Dosage nicotine : 00 mg;;;;4;Prix manquant;Prix de vente à renseigner.
;;Batterie Externe ADNS - Goodies : Goodies;;;;4;Prix manquant;Prix de vente à renseigner.
;;Batterie Tappo Air Limited Edition 2024 Lost Mary - Couleur : Blue Green;;;;3;Prix manquant;Prix de vente à renseigner.
;;Batterie Tappo Air Limited Edition 2024 Lost Mary - Couleur : Sky Blue;;;;3;Prix manquant;Prix de vente à renseigner.
;;Batterie Tappo Air Lost Mary - Couleur : Cyan Blue;;;;3;Prix manquant;Prix de vente à renseigner.
;;Batterie Tappo Air Lost Mary - Couleur : Dark Grey;;;;3;Prix manquant;Prix de vente à renseigner.
;;Batterie Tappo Air Lost Mary - Couleur : Silver;;;;3;Prix manquant;Prix de vente à renseigner.
;;Berrywood Concentre The MDS Juice 30mL;;;;1;Prix manquant;Prix de vente à renseigner.
;;Black Hole MIV Made In Vape 100mL - Dosage nicotine : 00 mg;;;;5;Prix manquant;Prix de vente à renseigner.
;;Bloody Summer EliquidFrance Fruizee 50ml 00mg;;;;2;Prix manquant;Prix de vente à renseigner.
;;Blue Concentre The MDS Juice 30ml;;;;1;Prix manquant;Prix de vente à renseigner.
;;Blue Enfer Vape 47 50ml - Dosage nicotine : 00 mg;;;;2;Prix manquant;Prix de vente à renseigner.
;;Blue Rasphell Hellfest 50ml - Dosage nicotine : 00 mg;;;;11;Prix manquant;Prix de vente à renseigner.
;;Booster Frais Nicotine 50/50 Liquideo 10ml 20mg - Type : PG/VG 50/50;;;;10;Prix manquant;Prix de vente à renseigner.
;;Booster Liquideo 10ml 20mg - Type : PG/VG 50/50;;;;5400;Prix manquant;Prix de vente à renseigner.
;;Box Armour S Vaporesso - Couleur : Black;;;;1;Prix manquant;Prix de vente à renseigner.
;;Box Centaurus M100 Lost Vape - Couleur : Interstellar;;;;1;Prix manquant;Prix de vente à renseigner.
;;Box Centaurus M200 10TH Anniversary Limited Edition Lost Vape Couleur : Aurora Neon;;;;3;Prix manquant;Prix de vente à renseigner.
;;Box Centaurus M200 200W Lost Vape - Couleur : Galaxy Black;;;;1;Prix manquant;Prix de vente à renseigner.
;;Box Centaurus M200 200W Lost Vape - Couleur : Sakura Dance;;;;1;Prix manquant;Prix de vente à renseigner.
;;Box Centaurus M200 200W Lost Vape - Couleur : Sakura Fuji;;;;2;Prix manquant;Prix de vente à renseigner.
;;Bundle Argus G2 Mini + Voopoo - Couleur : Aurora Blue;;;;1;Prix manquant;Prix de vente à renseigner.
;;C4 Saiyen Vapors 50ml Swoke - Dosage nicotine : 00 mg;;;;2;Prix manquant;Prix de vente à renseigner.
;;Cactus Citron Corossol Mexican Cartel 50ml - Dosage nicotine : 00 mg;;;;10;Prix manquant;Prix de vente à renseigner.
;;Cartouche 15mL Avata Aspire - Intensité résistance : 0.4 ohm;;;;20;Prix manquant;Prix de vente à renseigner.
;;Cartouche Vcap 2ml Innokin - Intensité résistance : 0.6 ohm;;;;4;Prix manquant;Prix de vente à renseigner.
;;Casquette Geekvape ADNS - Goodies : Goodies;;;;4;Prix manquant;Prix de vente à renseigner.
;;Cassis Framboise Cactus Mexican Cartel 50ml - Dosage nicotine : 00 mg;;;;10;Prix manquant;Prix de vente à renseigner.
;;Cassis Mangue Ice Cool By Liquidarom 50ml 00mg;;;;5;Prix manquant;Prix de vente à renseigner.
;;Chaos Kaiju Vape Maker 50ml - Dosage nicotine : 00 mg;;;;2;Prix manquant;Prix de vente à renseigner.
;;Chargeur / Powerbank Lush Box Efest;;;;6;Prix manquant;Prix de vente à renseigner.
;;Cherry Devil Hellfest 50ml;;;;6;Prix manquant;Prix de vente à renseigner.
;;Chlorywood Iceberg Liquidelab 50ml;;;;6;Prix manquant;Prix de vente à renseigner.
;;Clone Swoke 50ml Swoke - Dosage nicotine : 00 mg;;;;5;Prix manquant;Prix de vente à renseigner.
;;Concrete Jungle Playlist Big Papa 50ml - Dosage nicotine : 00 mg;;;;5;Prix manquant;Prix de vente à renseigner.
;;Cotton Bacon Prime Wickn Vape;;;;10;Prix manquant;Prix de vente à renseigner.
;;Crimson Call Of Vape Cloud Vapor 100ml - Dosage nicotine : 00 mg;;;;27;Prix manquant;Prix de vente à renseigner.
;;Dark Infinity Concentré Full Moon 30ml;;;;2;Prix manquant;Prix de vente à renseigner.
;;Dark Rainbow Concentre The MDS Juice 30ml;;;;1;Prix manquant;Prix de vente à renseigner.
;;Decapsuleur 5en1 Ouverture Facile DIY UP;;;;10;Prix manquant;Prix de vente à renseigner.
;;Delicious Concentre The MDS Juice 30mL;;;;1;Prix manquant;Prix de vente à renseigner.
;;Demon Fizz MIV Made In Vape 100mL - Dosage nicotine : 00 mg;;;;5;Prix manquant;Prix de vente à renseigner.
;;DIY Tools accessory mini Kit V2 Geek Vape;;;;5;Prix manquant;Prix de vente à renseigner.
;;Draco Concentre The MDS Juice 30mL;;;;1;Prix manquant;Prix de vente à renseigner.
;;Dragon Blast Hellfest 50ml;;;;10;Prix manquant;Prix de vente à renseigner.
;;Dragon Concentre Enfer 30ml;;;;2;Prix manquant;Prix de vente à renseigner.
;;Dragon Enfer Vape 47 50ml - Dosage nicotine : 00 mg;;;;2;Prix manquant;Prix de vente à renseigner.
;;Dragon Mangue Cassis Dragonzz Liquideo 50mL - Dosage nicotine : 00 mg;;;;11;Prix manquant;Prix de vente à renseigner.
;;Dragon Myrtille Framboise Dragonzz Liquideo 50mL - Dosage nicotine : 00 mg;;;;5;Prix manquant;Prix de vente à renseigner.
;;Dragon Pastèque Kiwi Dragonzz Liquideo 50mL - Dosage nicotine : 00 mg;;;;4;Prix manquant;Prix de vente à renseigner.
;;Dragon Rouge Iceberg Liquidelab 50ml;;;;4;Prix manquant;Prix de vente à renseigner.
;;Echantillon 5 Saveurs Fixion 7ml 00mg ADNS - Goodies : Goodies;;;;3;Prix manquant;Prix de vente à renseigner.
;;Echantillon Kit Solobar 2400 4en1 Aleatoire Solobar ADNS - Goodies : Goodies;;;;6;Prix manquant;Prix de vente à renseigner.
;;Echantillon Kit XLIM GO Couleurs aléatoires OXVA ADNS;;;;5;Prix manquant;Prix de vente à renseigner.
;;Echantillon Kit Zero V5 Pod Green Black Yooz - Goodies : Goodies;;;;3;Prix manquant;Prix de vente à renseigner.
;;Echantillon Millésime 10ml 00mg;;;;1;Prix manquant;Prix de vente à renseigner.
;;Echantillon Tour de cou Solobar ADNS - Goodies : Goodies;;;;9;Prix manquant;Prix de vente à renseigner.
;;Enfer Concentré Enfer 30ml;;;;2;Prix manquant;Prix de vente à renseigner.
;;Enfer Vape 47 50ml 00mg;;;;3;Prix manquant;Prix de vente à renseigner.
;;Enigma Concentre The MDS Juice 30ml;;;;1;Prix manquant;Prix de vente à renseigner.
;;Enigma V2 Concentre The MDS Juice 30ml;;;;1;Prix manquant;Prix de vente à renseigner.
;;Fat Nos Taste & Furious Vape Maker 50ml - Dosage nicotine : 00 mg;;;;1;Prix manquant;Prix de vente à renseigner.
;;Fiole vide Chubby 180ml DIY'UP - Type : Normal;;;;20;Prix manquant;Prix de vente à renseigner.
;;Fiole vide Chubby 180ml DIY'UP - Type : N°01 Keep Calm;;;;20;Prix manquant;Prix de vente à renseigner.
;;Fiole vide Chubby 180ml DIY'UP - Type : N°02 Stop Smoking;;;;20;Prix manquant;Prix de vente à renseigner.
;;Fiole vide Chubby 180ml DIY'UP - Type : N°03 Vape Woman;;;;20;Prix manquant;Prix de vente à renseigner.
;;Fiole vide Chubby 180ml DIY'UP - Type : N°12 Game Over;;;;20;Prix manquant;Prix de vente à renseigner.
;;Fiole vide Chubby 70ml DIY UP - Type : Normal;;;;20;Prix manquant;Prix de vente à renseigner.
;;Fiole vide Chubby 70ml DIY UP - Type : N°01 Keep Calm;;;;10;Prix manquant;Prix de vente à renseigner.
;;Fiole vide Chubby 70ml DIY UP - Type : N°02 Stop Smoking;;;;10;Prix manquant;Prix de vente à renseigner.
;;Fiole vide Chubby 70ml DIY UP - Type : N°07 Tatoo Woman;;;;10;Prix manquant;Prix de vente à renseigner.
;;Fiole vide Chubby 70ml DIY UP - Type : N°11 Gorilla;;;;20;Prix manquant;Prix de vente à renseigner.
;;Fiole vide Chubby 70ml DIY UP - Type : N°12 Game Over;;;;10;Prix manquant;Prix de vente à renseigner.
;;Fiole vide Chubby 70ml DIY UP - Type : N°13 Borne Arcade;;;;10;Prix manquant;Prix de vente à renseigner.
;;Fiole vide Chubby 70ml DIY UP - Type : N°15 Tatoo Wolf;;;;30;Prix manquant;Prix de vente à renseigner.
;;Force Verte Force Vape Swoke 100mL - Dosage nicotine : 00 mg;;;;4;Prix manquant;Prix de vente à renseigner.
;;Force Violette Force Vape Swoke 100ml - Dosage nicotine : 00 mg;;;;4;Prix manquant;Prix de vente à renseigner.
;;Fruit Du Dragon Fraise Mure Mexican Cartel 50ml - Dosage nicotine : 00 mg;;;;10;Prix manquant;Prix de vente à renseigner.
;;Fruit Du Dragon Jaune Framboise Bleue Le Petit Verger Frais 50ml Dosage nicotine : 00 mg;;;;5;Prix manquant;Prix de vente à renseigner.
;;Fruit Du Dragon Papaye Mangue Kumquat Fureur Du Dragon Le Vapoteur Breton 50ml - Dosage nicotine : 00 mg;;;;2;Prix manquant;Prix de vente à renseigner.
;;Fruit Du Dragon Violette Double Dragon 50ml - Dosage nicotine : 00 mg;;;;6;Prix manquant;Prix de vente à renseigner.
;;Fruits Des Bois Fraise Cassis Mexican Cartel 50ml - Dosage nicotine : 00 mg;;;;10;Prix manquant;Prix de vente à renseigner.
;;Fruits Rouges Cassis Framboise Mexican Cartel 50ml - Dosage nicotine : 00 mg;;;;10;Prix manquant;Prix de vente à renseigner.
;;Fruits Rouges Prodigy. 50ml;;;;3;Prix manquant;Prix de vente à renseigner.
;;Gateau Amandes Vanille Mexican Cartel 50ml - Dosage nicotine : 00 mg;;;;10;Prix manquant;Prix de vente à renseigner.
;;Ghost Call Of Vape Cloud Vapor 100ml - Dosage nicotine : 00 mg;;;;44;Prix manquant;Prix de vente à renseigner.
;;Ghost Concentré Call Of Vape Cloud Vapor 30mL;;;;16;Prix manquant;Prix de vente à renseigner.
;;Gloss Swoke 50ml Swoke - Dosage nicotine : 00 mg;;;;6;Prix manquant;Prix de vente à renseigner.
;;Godji MIV Made In Vape 100mL - Dosage nicotine : 00 mg;;;;9;Prix manquant;Prix de vente à renseigner.
;;Gold Concentre The MDS Juice 30mL;;;;1;Prix manquant;Prix de vente à renseigner.
;;Gomax 5.5ml Innokin - Couleur : Bleu;;;;5;Prix manquant;Prix de vente à renseigner.
;;Gomax 5.5ml Innokin - Couleur : Noir;;;;10;Prix manquant;Prix de vente à renseigner.
;;Gomax 5.5ml Innokin - Couleur : Rose;;;;5;Prix manquant;Prix de vente à renseigner.
;;Gomax 5.5ml Innokin - Couleur : Transparent;;;;5;Prix manquant;Prix de vente à renseigner.
;;Gomax 5.5ml Innokin - Couleur : Vert;;;;5;Prix manquant;Prix de vente à renseigner.
;;Green Concentre The MDS Juice 30ml;;;;5;Prix manquant;Prix de vente à renseigner.
;;Green Enfer 50ml 00mg;;;;3;Prix manquant;Prix de vente à renseigner.
;;Grenade Tropicale Ice Cool By Liquidarom 50ml 00mg;;;;4;Prix manquant;Prix de vente à renseigner.
;;Hadesama MIV Made In Vape 100mL - Dosage nicotine : 00 mg;;;;2;Prix manquant;Prix de vente à renseigner.
;;Heisenberg Koncept Vampire Vape 100ml - Dosage nicotine : 00 mg;;;;1;Prix manquant;Prix de vente à renseigner.
;;Hellfire Mortal Juices Extrapure 100ml - Dosage nicotine : 00 mg;;;;4;Prix manquant;Prix de vente à renseigner.
;;Hypnose Concentré Full Moon 30ml;;;;1;Prix manquant;Prix de vente à renseigner.
;;Itank T 6ml Vaporesso - Couleur : Black;;;;1;Prix manquant;Prix de vente à renseigner.
;;Itank T 6ml Vaporesso - Couleur : Blue;;;;1;Prix manquant;Prix de vente à renseigner.
;;Itank T 6ml Vaporesso - Couleur : Brown;;;;1;Prix manquant;Prix de vente à renseigner.
;;Itank T 6ml Vaporesso - Couleur : Grey;;;;1;Prix manquant;Prix de vente à renseigner.
;;Itank T 6ml Vaporesso - Couleur : Rainbow;;;;1;Prix manquant;Prix de vente à renseigner.
;;Itank T 6ml Vaporesso - Couleur : Silver;;;;1;Prix manquant;Prix de vente à renseigner.
;;Kami Zero Sweet Edition Concentre Ultimate A&L 30ml;;;;4;Prix manquant;Prix de vente à renseigner.
;;Kit Aegis Legend 5 (+ Z Sub 5,5ml) Everest Sunrise GeekVape - Couleur : Everest Sunrise;;;;2;Prix manquant;Prix de vente à renseigner.
;;Kit Aegis Legend 5 (+ Z Sub 5,5ml) GeekVape - Couleur : Earth Brown;;;;1;Prix manquant;Prix de vente à renseigner.
;;Kit Aegis Legend 5 (+ Z Sub 5,5ml) GeekVape - Couleur : Glacier Green;;;;1;Prix manquant;Prix de vente à renseigner.
;;Kit Aegis Legend 5 (+ Z Sub 5,5ml) GeekVape - Couleur : Racing Gold;;;;1;Prix manquant;Prix de vente à renseigner.
;;Kit Aegis Legend 5 (+ Z Sub 5,5ml) GeekVape - Couleur : Turbo Red;;;;4;Prix manquant;Prix de vente à renseigner.
;;Kit Aegis Legend 5 (+ Z Sub 5,5ml) GeekVape - Couleur : Twilight Blue;;;;1;Prix manquant;Prix de vente à renseigner.
;;Kit Aegis Solo 3 (+ ato Z Sub 5,5ml) GeekVape - Couleur : Black;;;;1;Prix manquant;Prix de vente à renseigner.
;;Kit Aegis Solo 3 (+ ato Z Sub 5,5ml) GeekVape - Couleur : Dark Gray;;;;1;Prix manquant;Prix de vente à renseigner.
;;Kit Aegis Solo 3 (+ ato Z Sub 5,5ml) GeekVape - Couleur : Purple;;;;1;Prix manquant;Prix de vente à renseigner.
;;Kit Aegis Solo 3 (+ ato Z Sub 5,5ml) GeekVape - Couleur : Red;;;;1;Prix manquant;Prix de vente à renseigner.
;;Kit Argus Pro 2 Pod Voopoo - Couleur : Cocoa Brown;;;;1;Prix manquant;Prix de vente à renseigner.
;;Kit Argus Pro 2 Pod Voopoo - Couleur : Modern Red;;;;1;Prix manquant;Prix de vente à renseigner.
;;Kit Argus Pro 2 Pod Voopoo - Couleur : Pearl White;;;;1;Prix manquant;Prix de vente à renseigner.
;;Kit Argus Pro 2 Pod Voopoo - Couleur : Sky Purple;;;;1;Prix manquant;Prix de vente à renseigner.
;;Kit Argus Pro 2 Pod Voopoo - Couleur : Space Gray;;;;1;Prix manquant;Prix de vente à renseigner.
;;Kit Argus Pro 2 Pod Voopoo - Couleur : Spray Black;;;;1;Prix manquant;Prix de vente à renseigner.
;;Kit Armour G MTL Vaporesso - Couleur : Black;;;;1;Prix manquant;Prix de vente à renseigner.
;;Kit Armour G MTL Vaporesso - Couleur : Blue;;;;1;Prix manquant;Prix de vente à renseigner.
;;Kit Armour G MTL Vaporesso - Couleur : Brown;;;;1;Prix manquant;Prix de vente à renseigner.
;;Kit Armour G MTL Vaporesso - Couleur : Pink;;;;1;Prix manquant;Prix de vente à renseigner.
;;Kit Armour G MTL Vaporesso - Couleur : Silver;;;;1;Prix manquant;Prix de vente à renseigner.
;;Kit Armour Max (+ iTank T 6ml) Vaporesso - Couleur : Cyber gold;;;;3;Prix manquant;Prix de vente à renseigner.
;;Kit Avata Aspire - Couleur : Black;;;;2;Prix manquant;Prix de vente à renseigner.
;;Kit Avata Aspire - Couleur : Black, Intensité résistance : 0.4 ohm;;;;5;Prix manquant;Prix de vente à renseigner.
;;Kit Avata Aspire - Couleur : Brown;;;;2;Prix manquant;Prix de vente à renseigner.
;;Kit Avata Aspire - Couleur : Brown, Intensité résistance : 0.4 ohm;;;;5;Prix manquant;Prix de vente à renseigner.
;;Kit Avata Aspire - Couleur : Purple;;;;2;Prix manquant;Prix de vente à renseigner.
;;Kit Avata Aspire - Couleur : Purple, Intensité résistance : 0.4 ohm;;;;5;Prix manquant;Prix de vente à renseigner.
;;Kit Avata Aspire - Couleur : Silver;;;;2;Prix manquant;Prix de vente à renseigner.
;;Kit Avata Aspire - Couleur : Silver, Intensité résistance : 0.4 ohm;;;;5;Prix manquant;Prix de vente à renseigner.
;;Kit Centaurus BT200 (+Centaurus Subohm V2 5ml) Lost Vape - Couleur : Pink Purple;;;;1;Prix manquant;Prix de vente à renseigner.
;;Kit Centaurus BT200 (+Centaurus Subohm V2 5ml) Lost Vape - Couleur : Platinium Ridge;;;;1;Prix manquant;Prix de vente à renseigner.
;;Kit Centaurus BT200 (+Centaurus Subohm V2 5ml) Lost Vape - Couleur : Silver Carbon;;;;1;Prix manquant;Prix de vente à renseigner.
;;Kit Centaurus M100 100W (+Centaurus Sub-Coo 5ml) 10th Anniversary Lost Vape - Couleur : Ble Bear;;;;1;Prix manquant;Prix de vente à renseigner.
;;Kit Centaurus M100 100W (+Centaurus Sub-Coo 5ml) 10th Anniversary Lost Vape - Couleur : Concerto Black;;;;1;Prix manquant;Prix de vente à renseigner.
;;Kit Centaurus M100 100W (+Centaurus Sub-Coo 5ml) 10th Anniversary Lost Vape - Couleur : Concerto Gunmetal;;;;1;Prix manquant;Prix de vente à renseigner.
;;Kit Centaurus M100 100W (+Centaurus Sub-ohm 5ml) 10th Anniversary Lost Vape - Couleur : Concerto Black;;;;1;Prix manquant;Prix de vente à renseigner.
;;Kit Centaurus M200 + Centaurus Sub-Ohm V2 5ml Lost Vape - Couleur : Asakusa Bloom;;;;2;Prix manquant;Prix de vente à renseigner.
;;Kit Cyber GT Aspire - Couleur : Black;;;;3;Prix manquant;Prix de vente à renseigner.
;;Kit Cyber GT Aspire - Couleur : Blue;;;;1;Prix manquant;Prix de vente à renseigner.
;;Kit Cyber GT Aspire - Couleur : Green;;;;4;Prix manquant;Prix de vente à renseigner.
;;Kit Cyber GT Aspire - Couleur : Pink;;;;5;Prix manquant;Prix de vente à renseigner.
;;Kit Digi Max GeekVape - Couleur : Gunmetal Gray;;;;1;Prix manquant;Prix de vente à renseigner.
;;Kit Digi Max GeekVape - Couleur : Moon Silver;;;;1;Prix manquant;Prix de vente à renseigner.
;;Kit Digi Max GeekVape - Couleur : Space Black;;;;4;Prix manquant;Prix de vente à renseigner.
;;Kit Drag S2 Pod Limited Edition Voopoo - Couleur : Spray Black;;;;2;Prix manquant;Prix de vente à renseigner.
;;Kit Galaxy T360 Lost Vape - Couleur : Lava Galaxy;;;;2;Prix manquant;Prix de vente à renseigner.
;;Kit Galaxy T360 Lost Vape - Couleur : Ocean Galaxy;;;;2;Prix manquant;Prix de vente à renseigner.
;;Kit Galaxy T360 Lost Vape - Couleur : Sakura Galaxy;;;;2;Prix manquant;Prix de vente à renseigner.
;;Kit Glent Justfog - Couleur : Rose;;;;1;Prix manquant;Prix de vente à renseigner.
;;Kit Kanger Evo Pod Kangertech - Couleur : Blue;;;;5;Prix manquant;Prix de vente à renseigner.
;;Kit Kanger Evo Pod Kangertech - Couleur : White;;;;5;Prix manquant;Prix de vente à renseigner.
;;Kit Luxe Q2 Vaporesso - Couleur : Black;;;;5;Prix manquant;Prix de vente à renseigner.
;;Kit Luxe Q2 Vaporesso - Couleur : Blue;;;;5;Prix manquant;Prix de vente à renseigner.
;;Kit Luxe Q2 Vaporesso - Couleur : Green;;;;2;Prix manquant;Prix de vente à renseigner.
;;Kit Luxe Q2 Vaporesso - Couleur : Grey;;;;4;Prix manquant;Prix de vente à renseigner.
;;Kit Luxe Q2 Vaporesso - Couleur : Orange;;;;4;Prix manquant;Prix de vente à renseigner.
;;Kit Luxe X2 Vaporesso - Couleur : Avocado Green;;;;3;Prix manquant;Prix de vente à renseigner.
;;Kit Luxe X2 Vaporesso - Couleur : Light Pink;;;;3;Prix manquant;Prix de vente à renseigner.
;;Kit Luxe X2 Vaporesso - Couleur : Light Purple;;;;3;Prix manquant;Prix de vente à renseigner.
;;Kit Luxe X2 Vaporesso - Couleur : Navy Blue;;;;3;Prix manquant;Prix de vente à renseigner.
;;Kit Luxe X2 Vaporesso - Couleur : Night Black;;;;3;Prix manquant;Prix de vente à renseigner.
;;Kit Luxe X2 Vaporesso - Couleur : Ruby White;;;;2;Prix manquant;Prix de vente à renseigner.
;;Kit Luxe X2 Vaporesso - Couleur : Wasp Yellow;;;;3;Prix manquant;Prix de vente à renseigner.
;;Kit Luxe X2 Vaporesso - Couleur : White Silver;;;;3;Prix manquant;Prix de vente à renseigner.
;;Kit Magnum Aspire - Couleur : Booming Bear;;;;4;Prix manquant;Prix de vente à renseigner.
;;Kit Magnum Aspire - Couleur : Cyber Bear;;;;4;Prix manquant;Prix de vente à renseigner.
;;Kit Magnum Aspire - Couleur : Cyber Lilly;;;;4;Prix manquant;Prix de vente à renseigner.
;;Kit Magnum Aspire - Couleur : Dreamy Lucy;;;;4;Prix manquant;Prix de vente à renseigner.
;;Kit Magnum Aspire - Couleur : Evil Eyes;;;;4;Prix manquant;Prix de vente à renseigner.
;;Kit Magnum Aspire - Couleur : Fire Tiger;;;;5;Prix manquant;Prix de vente à renseigner.
;;Kit Magnum Aspire - Couleur : Funky Skull;;;;3;Prix manquant;Prix de vente à renseigner.
;;Kit Magnum Aspire - Couleur : Little Monsters;;;;2;Prix manquant;Prix de vente à renseigner.
;;Kit Magnum Aspire - Couleur : Mystic Galaxy;;;;1;Prix manquant;Prix de vente à renseigner.
;;Kit Magnum Aspire - Couleur : Skate Kong;;;;2;Prix manquant;Prix de vente à renseigner.
;;Kit Magnum Aspire - Couleur : Skeleton Nexus;;;;1;Prix manquant;Prix de vente à renseigner.
;;Kit Oneo Pod Oxva - Couleur : Racing Green;;;;1;Prix manquant;Prix de vente à renseigner.
;;Kit Solobar 2400 4en1 (+ Pod 2ml 20mg) Blue - Saveur : Framboise glacée, Baie, Cerise pétillante, Fraise glacée;;;;5;Prix manquant;Prix de vente à renseigner.
;;Kit Solobar 2400 4en1 (+ Pod 2ml 20mg) Purple - Saveur : Cerise bleue, Rainbow Limonade, Fraise glacée, Pastèque glacée;;;;3;Prix manquant;Prix de vente à renseigner.
;;Kit Solobar 2400 4en1 (+ Pod 2ml 20mg) Yellow - Saveur : PêcheMangue glacée, Ananas glacée, Pastèque glacée, Pastèque Fraise;;;;3;Prix manquant;Prix de vente à renseigner.
;;Kit Thelema Elite 40 Lost Vape - Couleur : Akina Speed;;;;1;Prix manquant;Prix de vente à renseigner.
;;Kit Vinci E120 Pod Voopoo - Couleur : Rose Red;;;;1;Prix manquant;Prix de vente à renseigner.
;;Kit Vinci E120 Pod Voopoo - Couleur : Spray Black;;;;1;Prix manquant;Prix de vente à renseigner.
;;Kit Vinci Spark 100 (+ato Uforce-x Nano 4.5ml) Voopoo - Couleur : Orange Red Gradient;;;;1;Prix manquant;Prix de vente à renseigner.
;;Kit Vinci Spark 100 (+ato Uforce-x Nano 4.5ml) Voopoo - Couleur : Rose Red;;;;1;Prix manquant;Prix de vente à renseigner.
;;Kit Vinci Spark 100 (+ato Uforce-x Nano 4.5ml) Voopoo - Couleur : Silver;;;;1;Prix manquant;Prix de vente à renseigner.
;;Kit Zelos X80 (+ Ato Nautilus GT II) Aspire - Couleur : Black Gradient;;;;2;Prix manquant;Prix de vente à renseigner.
;;Kit Zelos X80 (+ Ato Nautilus GT II) Aspire - Couleur : Bronze Gradient;;;;1;Prix manquant;Prix de vente à renseigner.
;;Kit Zelos X80 (+ Ato Nautilus GT II) Aspire - Couleur : Pink Gradient;;;;1;Prix manquant;Prix de vente à renseigner.
;;Kit Zelos X80 (+ Ato Nautilus GT II) Aspire - Couleur : Rainbow Tears;;;;1;Prix manquant;Prix de vente à renseigner.
;;Kiwi Banane Ice Cool By Liquidarom 50ml 00mg;;;;5;Prix manquant;Prix de vente à renseigner.
;;Kurayami MIV Made In Vape 100mL - Dosage nicotine : 00 mg;;;;2;Prix manquant;Prix de vente à renseigner.
;;La Sorciere Vaping Quest 100ml - Dosage nicotine : 00 mg;;;;2;Prix manquant;Prix de vente à renseigner.
;;Lady Daisy T Juice 100ml - Dosage nicotine : 00 mg;;;;5;Prix manquant;Prix de vente à renseigner.
;;Lady Daisy T Juice 50ml - Dosage nicotine : 00 mg;;;;5;Prix manquant;Prix de vente à renseigner.
;;Le Chaman Vaping Quest 100ml - Dosage nicotine : 00 mg;;;;2;Prix manquant;Prix de vente à renseigner.
;;Le Mage Vaping Quest 100ml - Dosage nicotine : 00 mg;;;;2;Prix manquant;Prix de vente à renseigner.
;;Le Maudit Vape Institut 100ml - Dosage nicotine : 00 mg;;;;5;Prix manquant;Prix de vente à renseigner.
;;Le Nain Vaping Quest 100ml - Dosage nicotine : 00 mg;;;;2;Prix manquant;Prix de vente à renseigner.
;;Limonade Citron Vert Cactus Mexican Cartel 50ml - Dosage nicotine : 00 mg;;;;10;Prix manquant;Prix de vente à renseigner.
;;Limonade Fruits Rouges Bleuets Mexican Cartel 50ml - Dosage nicotine : 00 mg;;;;10;Prix manquant;Prix de vente à renseigner.
;;Linzor Aromes & Secrets Savourea 100ml - Dosage nicotine : 00 mg;;;;4;Prix manquant;Prix de vente à renseigner.
;;Lot de 20 filtres de remplacement Kiwi Vapor;;;;3;Prix manquant;Prix de vente à renseigner.
;;Maipo Aromes & Secrets Savourea 100ml - Dosage nicotine : 00 mg;;;;4;Prix manquant;Prix de vente à renseigner.
;;Mangue Passion Ice Cool By Liquidarom 50ml 00mg;;;;4;Prix manquant;Prix de vente à renseigner.
;;Menthe Polaire Mexican Cartel 50ml - Dosage nicotine : 00 mg;;;;10;Prix manquant;Prix de vente à renseigner.
;;Mint & Raspberry Mintaia EliquidFrance 50ml - Dosage nicotine : 00 mg;;;;2;Prix manquant;Prix de vente à renseigner.
;;Musashi Kyoto Storm Raneki 50mL - Dosage nicotine : 00 mg;;;;6;Prix manquant;Prix de vente à renseigner.
;;Mûre Sauvage Violette Ice Cool by Liquidarom 50ml - Dosage nicotine : 00 mg;;;;19;Prix manquant;Prix de vente à renseigner.
;;Operator Call Of Vape Cloud Vapor 100mL - Dosage nicotine : 00 mg;;;;10;Prix manquant;Prix de vente à renseigner.
;;Pack d'Implantation Kung Freeze Cloud Vapor (+ Vapestation offerte);;;;2;Prix manquant;Prix de vente à renseigner.
;;Pack de 2 cartouches 3ml Pixo Aspire - Intensité résistance : 0.4 ohm;;;;20;Prix manquant;Prix de vente à renseigner.
;;Pack de 2 cartouches 5ml Flat Luxe X Vaporesso - Intensité résistance : 0.6 ohm;;;;20;Prix manquant;Prix de vente à renseigner.
;;Pack de 2 cartouches 5ml Luxe X Vaporesso - Intensité résistance : 0.4 ohm;;;;10;Prix manquant;Prix de vente à renseigner.
;;Pack de 2 Cartouches 6ml Hookah Air Fumytech - Intensité résistance : 0.4 ohm;;;;5;Prix manquant;Prix de vente à renseigner.
;;Pack de 2 Cartouches 6ml Magnum Aspire - Intensité résistance : 0.25 ohm;;;;15;Prix manquant;Prix de vente à renseigner.
;;Pack de 2 cartouches BV Soul GeekVape - Intensité résistance : 0.4 ohm;;;;10;Prix manquant;Prix de vente à renseigner.
;;Pack de 2 cartouches PURELY AIO Fumytech - Intensité résistance : 0.8 ohm;;;;1;Prix manquant;Prix de vente à renseigner.
;;Pack de 2 Drip Tip Wenax GeekVape - Type : Plastic;;;;5;Prix manquant;Prix de vente à renseigner.
;;Pack de 2 Pods Solobar 2400 2ml 20mg - Saveur : Ananas Glacé;;;;5;Prix manquant;Prix de vente à renseigner.
;;Pack de 2 Pods Solobar 2400 2ml 20mg - Saveur : Cerise Bleue;;;;5;Prix manquant;Prix de vente à renseigner.
;;Pack de 2 Pods Solobar 2400 2ml 20mg - Saveur : Cerise pétillante;;;;5;Prix manquant;Prix de vente à renseigner.
;;Pack de 2 Pods Solobar 2400 2ml 20mg - Saveur : Fraise Glacée;;;;5;Prix manquant;Prix de vente à renseigner.
;;Pack de 2 Pods Solobar 2400 2ml 20mg - Saveur : Fraise Pastèque;;;;5;Prix manquant;Prix de vente à renseigner.
;;Pack de 2 Pods Solobar 2400 2ml 20mg - Saveur : Framboise Bleue glacée;;;;5;Prix manquant;Prix de vente à renseigner.
;;Pack de 2 Pods Solobar 2400 2ml 20mg - Saveur : Pastèque Glacée;;;;5;Prix manquant;Prix de vente à renseigner.
;;Pack de 2 Pods Solobar 2400 2ml 20mg - Saveur : Pêche Mangue Glacée;;;;5;Prix manquant;Prix de vente à renseigner.
;;Pack de 2 Pods Solobar 2400 2ml 20mg - Saveur : Rainbow Limonade;;;;5;Prix manquant;Prix de vente à renseigner.
;;Pack de 20 Drip Tip Filtre Wenax GeekVape;;;;9;Prix manquant;Prix de vente à renseigner.
;;Pack de 3 cartouches 3ml Q GeekVape - Intensité résistance : 0.4 ohm;;;;2;Prix manquant;Prix de vente à renseigner.
;;Pack de 3 cartouches 3ml Q GeekVape - Intensité résistance : 0.6 ohm;;;;2;Prix manquant;Prix de vente à renseigner.
;;Pack de 3 cartouches 3ml Q GeekVape - Intensité résistance : 0.8 ohm;;;;2;Prix manquant;Prix de vente à renseigner.
;;Pack de 3 Pods 3.5ml Oneo Oxva - Intensité résistance : 0.4 ohm;;;;1;Prix manquant;Prix de vente à renseigner.
;;Pack de 3 pods meshed Novo Pro Smoktech - Intensité résistance : 0.6 ohm;;;;2;Prix manquant;Prix de vente à renseigner.
;;Pack de 3 resistances GT Mesh Coil 0.18ohm Cascade/NRG Vaporesso;;;;6;Prix manquant;Prix de vente à renseigner.
;;Pack de 3 Résistances Ultra Boost Max (Nouvelle version) Lost Vape Intensité résistance : X1 0.15ohm;;;;10;Prix manquant;Prix de vente à renseigner.
;;Pack de 3 Résistances Ultra Boost Max (Nouvelle version) Lost Vape Intensité résistance : X2 0.2ohm;;;;10;Prix manquant;Prix de vente à renseigner.
;;Pack de 4 cartouches 2ml Wenax M V2 GeekVape - Intensité résistance;;;;10;Prix manquant;Prix de vente à renseigner.
;;Pack de 4 cartouches 2ml Wenax M V2 GeekVape - Intensité résistance : 0.8 ohm;;;;10;Prix manquant;Prix de vente à renseigner.
;;Pack de 4 cartouches 3ml Xros Series Topfill Vaporesso - Intensité résistance : 0.4 ohm;;;;6;Prix manquant;Prix de vente à renseigner.
;;Pack de 4 pods 2ml Wenax M GeekVape - Intensité résistance : 0.8 ohm;;;;5;Prix manquant;Prix de vente à renseigner.
;;Pack de 4 resistances BDC BD Vape - Intensité résistance : 0.2 ohm;;;;30;Prix manquant;Prix de vente à renseigner.
;;Pack de 4 resistances BDC V2 BD Vape - Intensité résistance : 0.15 ohm;;;;8;Prix manquant;Prix de vente à renseigner.
;;Pack de 4 resistances FTC Fumytech - Intensité résistance : 0.15 ohm;;;;3;Prix manquant;Prix de vente à renseigner.
;;Pack de 4 resistances FTC Fumytech - Intensité résistance : 0.2 ohm;;;;3;Prix manquant;Prix de vente à renseigner.
;;Pack de 4 resistances FTC Fumytech - Intensité résistance : 0.3 ohm;;;;3;Prix manquant;Prix de vente à renseigner.
;;Pack de 4 resistances FTC Fumytech - Intensité résistance : 0.4 ohm;;;;3;Prix manquant;Prix de vente à renseigner.
;;Pack de 5 resistances M 0,14ohm Z Max GeekVape;;;;2;Prix manquant;Prix de vente à renseigner.
;;Pack de 5 resistances M 0,15ohm Z Max GeekVape;;;;3;Prix manquant;Prix de vente à renseigner.
;;Pack de 5 resistances Pnp X Voopoo - Intensité résistance : 0.15 ohm;;;;3;Prix manquant;Prix de vente à renseigner.
;;Pack de 5 resistances Pnp X Voopoo - Intensité résistance : 0.3 ohm;;;;5;Prix manquant;Prix de vente à renseigner.
;;Pack de 5 résistances GTX-2 Vaporesso - Intensité résistance : 0.15 ohm;;;;5;Prix manquant;Prix de vente à renseigner.
;;Pack de 5 résistances GTX-2 Vaporesso - Intensité résistance : 0.2 ohm;;;;5;Prix manquant;Prix de vente à renseigner.
;;Pack de 5 Résistances ITO V2 Voopoo - Intensité résistance : 0.7 Ohm;;;;2;Prix manquant;Prix de vente à renseigner.
;;Pack de 5 résistances Mesh GTI Itank Vaporesso - Intensité résistance :;;;;2;Prix manquant;Prix de vente à renseigner.
;;Pack de 5 résistances Mesh GTI Itank Vaporesso - Intensité résistance : 0.2 ohm;;;;2;Prix manquant;Prix de vente à renseigner.
;;Pack de 5 résistances Mesh Z Zeus GeekVape - Intensité résistance :;;;;10;Prix manquant;Prix de vente à renseigner.
;;Pack de 5 résistances P GeekVape - Intensité résistance : 0.15 ohm, Type : XM;;;;2;Prix manquant;Prix de vente à renseigner.
;;Pack de 5 résistances P GeekVape - Intensité résistance : 0.2 ohm;;;;2;Prix manquant;Prix de vente à renseigner.
;;Pack de 5 résistances P GeekVape - Intensité résistance : 0.4 ohm;;;;2;Prix manquant;Prix de vente à renseigner.
;;Pack de 5 résistances PockeX Aspire - Intensité résistance : 0.6 ohm;;;;2;Prix manquant;Prix de vente à renseigner.
;;Pack de 5 résistances Z Boost XM Geekvape - Intensité résistance : 0.15 ohm;;;;5;Prix manquant;Prix de vente à renseigner.
;;Pack de 5 résistances Z Boost XM Geekvape - Intensité résistance : 0.2 ohm;;;;5;Prix manquant;Prix de vente à renseigner.
;;Pack de 5 résistances Z XM GeekVape - Intensité résistance : 0.15 ohm;;;;4;Prix manquant;Prix de vente à renseigner.
;;Pack de 5 résistances Z-Coil / Plexus Innokin - Intensité résistance : 0.3 ohm;;;;3;Prix manquant;Prix de vente à renseigner.
;;Passion Citron Vert Cactus Mexican Cartel 50ml - Dosage nicotine : 00 mg;;;;10;Prix manquant;Prix de vente à renseigner.
;;Pasteque Fraise Kiwi Mexican Cartel 50ml - Dosage nicotine : 00 mg;;;;10;Prix manquant;Prix de vente à renseigner.
;;Pod Tappo 2ml 00mg Lost Mary - Saveur : Citron Menthe;;;;1;Prix manquant;Prix de vente à renseigner.
;;Pod Tappo 2ml 00mg Lost Mary - Saveur : Fraise Glacée;;;;2;Prix manquant;Prix de vente à renseigner.
;;Pod Tappo 2ml 00mg Lost Mary - Saveur : Fruits Rouges;;;;1;Prix manquant;Prix de vente à renseigner.
;;Pod Tappo 2ml 00mg Lost Mary - Saveur : Fruits tropicaux;;;;2;Prix manquant;Prix de vente à renseigner.
;;Pod Tappo 2ml 00mg Lost Mary - Saveur : Myrtille Framboise acidulées;;;;1;Prix manquant;Prix de vente à renseigner.
;;Pod Tappo 2ml 00mg Lost Mary - Saveur : Passion Kiwi Goyave;;;;2;Prix manquant;Prix de vente à renseigner.
;;Pod Tappo 2ml 00mg Lost Mary - Saveur : Pomme Pêche;;;;1;Prix manquant;Prix de vente à renseigner.
;;PRECISIO BLASTER Sub-Ohm Tank 4.5ml BD Vape - Couleur : Black;;;;9;Prix manquant;Prix de vente à renseigner.
;;PRECISIO BLASTER Sub-Ohm Tank 4.5ml BD Vape - Couleur : GunMetal;;;;13;Prix manquant;Prix de vente à renseigner.
;;Raven Blue T Juice 100ml - Dosage nicotine : 00 mg;;;;5;Prix manquant;Prix de vente à renseigner.
;;Raven Blue T Juice 50ml - Dosage nicotine : 00 mg;;;;5;Prix manquant;Prix de vente à renseigner.
;;Verre de Remplacement 4.5ml PRECISIO Sub-Ohm BD Vape Contenance : 4.5ml;;;;4;Prix manquant;Prix de vente à renseigner.
;;Verre Ub Lite 3.5ml Lost Vape;;;;19;Prix manquant;Prix de vente à renseigner.
;;» Goodies Casquette Lost Vape ADNS - Goodies;;;;1;Prix manquant;Prix de vente à renseigner.
;;» Goodies Coussin De Voyage Lost Vape ADNS - Goodies;;;;1;Prix manquant;Prix de vente à renseigner.
;;» Goodies Porte-Cles Lost Vape ADNS - Goodies;;;;2;Prix manquant;Prix de vente à renseigner.
;;» Kit Ursa Nano 3 Pod Lost Vape - Royal Force;;;;1;Prix manquant;Prix de vente à renseigner.
;;» Kit Ursa Nano 3 Pod Lost Vape - Saiyan Spirit;;;;1;Prix manquant;Prix de vente à renseigner.
;;» Kit Wenax M1 Mini GeekVape - Avocado Green;;;;1;Prix manquant;Prix de vente à renseigner.
;;» Starter Kit Wenax M GeekVape (Powerbank + Kit Wenax M1 Mini) Avocado Green;;;;1;Prix manquant;Prix de vente à renseigner.
;;» Starter Kit Wenax M GeekVape (Powerbank + Kit Wenax M1 Mini) Black;;;;1;Prix manquant;Prix de vente à renseigner.
;;Red bull myrtille;;00.Bar a vape;1.97;;OK;
;;Tourtelle citron;;00.Bar a vape;2.7;;OK;
;;70 ml;;000.Bar a vape Hautmont;22.28;;OK;
;;Cafe;;000.Bar a vape Hautmont;1.0;;OK;
;;Fanta;;000.Bar a vape Hautmont;2.0;;OK;
;;Fiole vide 180ml;;000.Bar a vape Hautmont;3.0;;OK;
;;Fiole vide 70ml;;000.Bar a vape Hautmont;2.0;;OK;
;;Granita coca cola;;000.Bar a vape Hautmont;3.2;;OK;
;;Granita coca cola 50cl;;000.Bar a vape Hautmont;3.2;;OK;
;;Granita red bull 33cl;;000.Bar a vape Hautmont;1.7;;OK;
;;Granita red bull 50cl;;000.Bar a vape Hautmont;3.2;;OK;
;;Granita tropical 33cl;;000.Bar a vape Hautmont;1.7;;OK;
;;Granita tropical 50cl;;000.Bar a vape Hautmont;3.2;;OK;
;;Lipton ice tea peche;;000.Bar a vape Hautmont;1.87;;OK;
;;Monster original;;000.Bar a vape Hautmont;2.4;;OK;
;;Oasis ice tea;;000.Bar a vape Hautmont;2.0;;OK;
;;Red bull original;;000.Bar a vape Hautmont;2.11;;OK;
;;Red bull white;;000.Bar a vape Hautmont;2.5;;OK;
;;Tropico;;000.Bar a vape Hautmont;1.53;;OK;
;;Coca cola;;0000.Boissons;2.03;;OK;
;;Coca cola vanille;;0000.Boissons;2.0;;OK;
;;Coca Cola Zero 33cl;;0000.Boissons;2.0;;OK;
;;CRISTALINE;;0000.Boissons;1.1;;OK;
;;Cristaline Eau Aromatisée Fraise;;0000.Boissons;1.1;;OK;
;;Double dragon 50ml - fruit du dragon limonade;;0000.Boissons;20.9;;OK;
;;Le cassis d enfer 50ml - Enfer;;0000.Boissons;17.42;;OK;
;;Les collegues 50ml- LA COQUETTE;;0000.Boissons;13.27;;OK;
;;Oasis Ice Tea Saveur Pêche 33cl;;0000.Boissons;2.2;;OK;
;;Oasis pomme cassis framboise 33cl;;0000.Boissons;2.2;;OK;
;;Orangina Et Sa Pulpe 33cl;;0000.Boissons;2.2;;OK;
;;Popcorn 10ml 20mg sel de nicotine e-tasty;;0000.Boissons;5.5;;OK;
;;Red bull fruit du dragon;;0000.Boissons;2.5;;OK;
;;Red Bull Summer Edition, 25cl - Goût Pêche Blanche;;0000.Boissons;2.7;;OK;
;;Red Bull White Edition 25cl - Coco;;0000.Boissons;2.7;;OK;
;;Tropico ORANGE ANANAS 33cl;;0000.Boissons;2.2;;OK;
;;180 ml;;001.Bar a vape Hautmont;30.48;;OK;
;;Granita coca cola 33cl;;001.Bar a vape Hautmont;;;Prix manquant;Prix de vente à renseigner.
;;Flacon 110ml;;001.bar a vape le Quesnoy;27.9;;OK;
;;Flacon 30ml;;001.bar a vape le Quesnoy;14.18;;OK;
;;Flacon 70ml;;001.bar a vape le Quesnoy;23.9;;OK;
;;Armour g noir;;01.cigarette électronique;54.9;;OK;
;;Asmodus Minikin Pod System Kit Special Edition;;01.cigarette électronique;59.9;;OK;
;;Aspire Avata  black;;01.cigarette électronique;29.35;;OK;
;;Aspire Avata  brown;;01.cigarette électronique;30.92;;OK;
;;Aspire Avata  purple;;01.cigarette électronique;39.9;;OK;
;;Aspire Avata  purpule;;01.cigarette électronique;31.92;;OK;
;;Aspire Avata  silver;;01.cigarette électronique;39.9;;OK;
;;Aspire KIT - Magnum - Black&dreamy Lucie;;01.cigarette électronique;49.5;;OK;
;;Aspire KIT - Magnum - Black&skeleton Nexus;;01.cigarette électronique;49.5;;OK;
;;Aspire KIT - Magnum - Fever & Funky Skull;;01.cigarette électronique;49.5;;OK;
;;Aspire Kit PIXO Aura Carbon black;;01.cigarette électronique;36.91;;OK;
;;Aspire Kit PIXO Aura Crimson red;;01.cigarette électronique;37.52;;OK;
;;Aspire Kit PIXO Aura Graffiti Grey;;01.cigarette électronique;37.62;;OK;
;;Aspire Kit PIXO Aura Sakura pink;;01.cigarette électronique;33.91;;OK;
;;Aspire Kit PIXO Aura Speed blue;;01.cigarette électronique;39.9;;OK;
;;Aspire Kit PIXO Aura Tribal orange;;01.cigarette électronique;39.9;;OK;
;;Aspire kit zelos X80 - black gradiant;;01.cigarette électronique;74.9;;OK;
;;Aspire kit zelos X80 - bronze gradiant;;01.cigarette électronique;74.9;;OK;
;;Aspire kit zelos X80 - pink gradiant;;01.cigarette électronique;74.9;;OK;
;;Aspire magnum - gold & mystic galaxy;;01.cigarette électronique;49.5;;OK;
;;Aspire magnum blue & fire tiger;;01.cigarette électronique;49.5;;OK;
;;Aspire magnum blue violet & cyber lilly;;01.cigarette électronique;49.5;;OK;
;;Aspire magnum green & evil eyes;;01.cigarette électronique;49.5;;OK;
;;Aspire magnum purple & cyber bear;;01.cigarette électronique;49.5;;OK;
;;Aspire magnum silver & little monster;;01.cigarette électronique;49.5;;OK;
;;Centaurus G80 ice blue;;01.cigarette électronique;52.9;;OK;
;;Centaurus G80 sakura pink;;01.cigarette électronique;52.9;;OK;
;;Centaurus m100 ble-bear;;01.cigarette électronique;69.9;;OK;
;;Centaurus m100 kit concerto black;;01.cigarette électronique;69.9;;OK;
;;Centaurus m100 kit concerto Gunmetal;;01.cigarette électronique;20.74;;OK;
;;Coolfire pzpulse innokin violet;;01.cigarette électronique;49.9;;OK;
;;Cyber GT Pod Mod 2400mAh Back – Aspire;;01.cigarette électronique;35.91;;OK;
;;Cyber GT Pod Mod 2400mAh Blue – Aspire;;01.cigarette électronique;27.93;;OK;
;;Cyber GT Pod Mod 2400mAh Green – Aspire;;01.cigarette électronique;35.91;;OK;
;;Cyber GT Pod Mod 2400mAh Grey – Aspire;;01.cigarette électronique;39.9;;OK;
;;Cyber GT Pod Mod 2400mAh Pink – Aspire;;01.cigarette électronique;37.51;;OK;
;;Digi Pro 2000mah - space black - Geekvape;;01.cigarette électronique;59.9;;OK;
;;E chicha astra noir lost vape;;01.cigarette électronique;49.5;;OK;
;;E-chicha ASTARA Mystic galaxy (violet);;01.cigarette électronique;49.5;;OK;
;;E-chicha ASTARA Nova galaxy (rouge);;01.cigarette électronique;49.5;;OK;
;;E-chicha ASTRA Fusion galaxy (or);;01.cigarette électronique;49.5;;OK;
;;E-chicha ASTRA Nova galaxy (rouge);;01.cigarette électronique;49.5;;OK;
;;E-chicha magnum by aspire - booming bear;;01.cigarette électronique;49.5;;OK;
;;E-chicha Magnum by Aspire black & skeleton nexus;;01.cigarette électronique;49.5;;OK;
;;E-chicha magnum by aspire dreamy lucy;;01.cigarette électronique;46.83;;OK;
;;E-chicha magnum by aspire gold & skate kong;;01.cigarette électronique;46.83;;OK;
;;E-chicha Magnum gold & mystic galaxy;;01.cigarette électronique;49.5;;OK;
;;E-chicha magnum silver & little monsters;;01.cigarette électronique;49.5;;OK;
;;Geek Vape Aegis Legend 5 : Achat Grossiste Kit E-cigarette Puissant;;01.cigarette électronique;89.9;;OK;
;;Geek Vape Aegis Solo 3 Kit Purple External Battery;;01.cigarette électronique;74.9;;OK;
;;Geek Vape Digi Max Pod Kit 3000mAh Gunmetal Gray;;01.cigarette électronique;59.9;;OK;
;;Geek Vape Wenax M 2ml Starter Kit;;01.cigarette électronique;59.9;;OK;
;;GeekVape Aegis Boost 3 Kit;;01.cigarette électronique;54.9;;OK;
;;GeekVape Aegis Legend 5 Starter Kit - turbo red;;01.cigarette électronique;89.9;;OK;
;;Geekvape aegis mini 5 kit;;01.cigarette électronique;71.9;;OK;
;;Geekvape Boost 3 Kit - midnight red;;01.cigarette électronique;54.9;;OK;
;;Geekvape Digi Max Pod kit 3000mAh Moon Silver;;01.cigarette électronique;59.9;;OK;
;;GeekVape Digi Max Pod Kit 3000mAh Sakura Pink;;01.cigarette électronique;59.9;;OK;
;;Geekvape Digi Max Pod kit 3000mAh Space Black;;01.cigarette électronique;59.9;;OK;
;;Geekvape soul 2 - black;;01.cigarette électronique;44.9;;OK;
;;Geekvape soul 2 - harbor blue;;01.cigarette électronique;44.9;;OK;
;;Geekvape soul 2 - sands beige;;01.cigarette électronique;44.9;;OK;
;;Geekvape soul 2 blush pink;;01.cigarette électronique;44.9;;OK;
;;Geekvape soul 2 pearl white;;01.cigarette électronique;44.9;;OK;
;;Geekvape soul 2 urban gray;;01.cigarette électronique;43.36;;OK;
;;Geekvape soul lake blue;;01.cigarette électronique;44.9;;OK;
;;Geekvape soul olive green;;01.cigarette électronique;44.9;;OK;
;;Geekvape Wenax M Starter Kit;;01.cigarette électronique;57.65;;OK;
;;GeekVape Wenax M Starter suede silver;;01.cigarette électronique;58.26;;OK;
;;Geekvape Wenax M1 Mini Kit;;01.cigarette électronique;79.9;;OK;
;;Geekvape Wenax M1 Mini Pod Kit;;01.cigarette électronique;;;Prix manquant;Prix de vente à renseigner.
;;Kamry k1000 plus wood grain;;01.cigarette électronique;99.9;;OK;
;;Kit Aegis Boost 3 GeekVape Midnight gold;;01.cigarette électronique;54.9;;OK;
;;Kit Aegis Boost 3 GeekVape Sunset red;;01.cigarette électronique;54.9;;OK;
;;Kit aegis legend 5 (200w) + ato z subohm by geekvape aurora racing gold;;01.cigarette électronique;89.9;;OK;
;;Kit aegis legend 5 (200w) + ato z subohm by geekvape aurora rainbow;;01.cigarette électronique;89.9;;OK;
;;Kit aegis legend 5 (200w) + ato z subohm by geekvape glacier green;;01.cigarette électronique;89.9;;OK;
;;Kit aegis legend 5 (200w) + ato z subohm by geekvape turbo red;;01.cigarette électronique;89.9;;OK;
;;Kit aegis legend 5 (200w) + ato z subohm by geekvape twilight blue;;01.cigarette électronique;89.9;;OK;
;;Kit Aegis Legend 5 10eme anniversaire - Geekvape - Everest sunrise;;01.cigarette électronique;109.9;;OK;
;;Kit Aegis Solo 3 (+ ato Z Sub 5,5ml) GeekVape;;01.cigarette électronique;72.73;;OK;
;;Kit Argus Pro 2 Pod Voopoo;;01.cigarette électronique;57.56;;OK;
;;Kit Armour Max (+ iTank 2 8ml) Vaporesso - Cyber Blue;;01.cigarette électronique;86.9;;OK;
;;Kit Armour Max (+ iTank 2 8ml) Vaporesso camo bleu;;01.cigarette électronique;86.9;;OK;
;;Kit Armour Max (+ iTank 2 8ml) Vaporesso camo marron;;01.cigarette électronique;86.9;;OK;
;;Kit Armour Ultra - Camo Silver - Vaporesso;;01.cigarette électronique;79.9;;OK;
;;Kit Armour Ultra - Dune Gold - Vaporesso;;01.cigarette électronique;79.9;;OK;
;;Kit Armour Ultra - Emerald green - Vaporesso;;01.cigarette électronique;79.9;;OK;
;;Kit Armour Ultra - Light Pink - Vaporesso;;01.cigarette électronique;79.9;;OK;
;;Kit Armour Ultra - Storm Blue - Vaporesso;;01.cigarette électronique;79.9;;OK;
;;KIT ASMODUS GALAXY;;01.cigarette électronique;59.9;;OK;
;;KIT ASMODUS NEBULA;;01.cigarette électronique;59.9;;OK;
;;Kit centaurus M200 + centaurus sub-ohm v2 - Lostvape - Asakusa Bloom;;01.cigarette électronique;94.9;;OK;
;;Kit Drag 5 (+ ato Uforce X 5.5ml) Voopoo - Sakura Pink;;01.cigarette électronique;82.9;;OK;
;;Kit drag 6 + uforce X - blue - voopoo;;01.cigarette électronique;0.01;;OK;
;;Kit drag s2 limited edition spray black voopoo;;01.cigarette électronique;54.9;;OK;
;;Kit Drag S3 - Metal Grey - Voopoo;;01.cigarette électronique;54.9;;OK;
;;Kit Drag S3 - Pink - Voopoo;;01.cigarette électronique;54.9;;OK;
;;Kit Drag S3 - White - Voopoo;;01.cigarette électronique;54.9;;OK;
;;Kit klypse black;;01.cigarette électronique;29.9;;OK;
;;Kit Loomix - gunmetal - Aspire;;01.cigarette électronique;39.9;;OK;
;;Kit Loomix - pearl white - Aspire;;01.cigarette électronique;39.9;;OK;
;;Kit Loomix - purple gold - Aspire;;01.cigarette électronique;39.9;;OK;
;;Kit lunatic freemax X 100W MPV algerian black;;01.cigarette électronique;54.9;;OK;
;;Kit lunatic freemax X 100W MPV green gunmetal;;01.cigarette électronique;64.9;;OK;
;;Kit Lunatic freemax X 100w MPV red black;;01.cigarette électronique;64.9;;OK;
;;Kit Luxe Q2 grey;;01.cigarette électronique;39.9;;OK;
;;Kit Luxe Q2 orange;;01.cigarette électronique;39.9;;OK;
;;Kit Luxe Q2 Vaporesso blue;;01.cigarette électronique;38.61;;OK;
;;Kit Luxe Q2 Vaporesso green;;01.cigarette électronique;39.9;;OK;
;;Kit Luxe X2 Vaporesso;;01.cigarette électronique;45.89;;OK;
;;Kit Nord GT Smok black;;01.cigarette électronique;54.9;;OK;
;;Kit Oneo Pod 40W 1600mah 3.5ml Oxva racing green;;01.cigarette électronique;32.9;;OK;
;;Kit ursa nano 3 Saga Series - Lost Vape - Royal Force;;01.cigarette électronique;49.9;;OK;
;;Kit vaponaute VB26 - Silver;;01.cigarette électronique;109.9;;OK;
;;Kit vinci spark (+ ato Uforce X nano 4.5ml) voopoo blue;;01.cigarette électronique;65.9;;OK;
;;Kit Vinci Spark 100 (+ato Uforce-x Nano 4.5ml) Voopoo metal grey;;01.cigarette électronique;65.9;;OK;
;;Kit vinci spark 220 ( + ato Uforce-X 5.5ml ) voopoo rose red;;01.cigarette électronique;81.9;;OK;
;;Kiwi 2 Starter Kit - gold rose;;01.cigarette électronique;75.13;;OK;
;;Klip's pod switch;;01.cigarette électronique;34.27;;OK;
;;Klyp's pod system;;01.cigarette électronique;39.9;;OK;
;;Lost vape centaurus G80 - gunmetal iron;;01.cigarette électronique;52.9;;OK;
;;Lost vape centaurus M100 kit - concerto black;;01.cigarette électronique;69.9;;OK;
;;Lost vape centaurus M100 kit - poseidon wrath;;01.cigarette électronique;69.9;;OK;
;;Lost vape galaxy T360 - lava galaxy;;01.cigarette électronique;38.91;;OK;
;;Lost vape galaxy T360 - ocean galaxy;;01.cigarette électronique;38.58;;OK;
;;Lost vape galaxy T360 - Panda Rhytm;;01.cigarette électronique;39.9;;OK;
;;Lost vape galaxy T360 - sakura galaxy;;01.cigarette électronique;39.9;;OK;
;;Lost Vape Kit Centaurus BT200 - pink purple;;01.cigarette électronique;110.9;;OK;
;;Lost Vape Kit Centaurus BT200 - silver carbon;;01.cigarette électronique;110.9;;OK;
;;Lost vape panda- galaxy T360  PANDA BEATS;;01.cigarette électronique;38.92;;OK;
;;Lost vape- centaurus ori 35 DRAGON STORM;;01.cigarette électronique;44.9;;OK;
;;Lost vape- centaurus ori 35 SAYAN CORE;;01.cigarette électronique;44.9;;OK;
;;Magnum nano - black & akira - Aspire;;01.cigarette électronique;39.5;;OK;
;;Magnum nano - black & gaming fuse - Aspire;;01.cigarette électronique;39.5;;OK;
;;Magnum nano - Blue & street racoon - Aspire;;01.cigarette électronique;39.5;;OK;
;;Magnum nano - Blue violet & panda king - Aspire;;01.cigarette électronique;39.5;;OK;
;;Magnum nano - gold & e-falcon - Aspire;;01.cigarette électronique;39.5;;OK;
;;Magnum nano - gold & parthenon myth - Aspire;;01.cigarette électronique;39.5;;OK;
;;Magnum nano - pink & lemon cyber - Aspire;;01.cigarette électronique;39.5;;OK;
;;Magnum nano - red & old school tape - Aspire;;01.cigarette électronique;39.5;;OK;
;;Magnum nano - silver & cloudy skull - Aspire;;01.cigarette électronique;39.5;;OK;
;;Magnum nano - silver & miami holiday - Aspire;;01.cigarette électronique;39.5;;OK;
;;Offre Starter kit box + pod  petal pink;;01.cigarette électronique;70.96;;OK;
;;Offre Starter kit box + pod avocado green;;01.cigarette électronique;65.79;;OK;
;;Offre Starter kit box + pod carbon gray;;01.cigarette électronique;59.23;;OK;
;;Offre Starter kit box + pod earth art;;01.cigarette électronique;79.65;;OK;
;;Offre Starter kit box + pod moonlit silver;;01.cigarette électronique;79.9;;OK;
;;Offre Starter kit box + pod slate blue;;01.cigarette électronique;75.44;;OK;
;;Osco blue;;01.cigarette électronique;39.9;;OK;
;;Osco gold;;01.cigarette électronique;32.79;;OK;
;;Osco pink;;01.cigarette électronique;39.9;;OK;
;;Oxva NeXLIM Go Kit – Black Warrior;;01.cigarette électronique;39.9;;OK;
;;Oxva NeXLIM Go Kit – Rose Pink;;01.cigarette électronique;39.9;;OK;
;;Oxva NeXLIM Go Kit – Sahara Brown;;01.cigarette électronique;39.9;;OK;
;;Oxva NeXLIM Go Kit – Starry Blue;;01.cigarette électronique;39.9;;OK;
;;Peak 2 burgundy red - Geekvape;;01.cigarette électronique;33.64;;OK;
;;Peak 2 drift gold - Geekvape;;01.cigarette électronique;38.48;;OK;
;;Peak 2 glimmer brown - Geekvape;;01.cigarette électronique;35.91;;OK;
;;Peak 2 glint silver - Geekvape;;01.cigarette électronique;36.64;;OK;
;;Peak 2 phantom black - Geekvape;;01.cigarette électronique;36.68;;OK;
;;Rexa lite black;;01.cigarette électronique;29.9;;OK;
;;Rexa lite blue;;01.cigarette électronique;29.9;;OK;
;;Rexa lite cyan blue;;01.cigarette électronique;29.9;;OK;
;;Rexa lite gray;;01.cigarette électronique;29.9;;OK;
;;Rexa lite orange;;01.cigarette électronique;29.9;;OK;
;;Rexa lite pink;;01.cigarette électronique;29.9;;OK;
;;Rexa pro green;;01.cigarette électronique;49.9;;OK;
;;Rexa pro pink;;01.cigarette électronique;49.9;;OK;
;;Rexa s blue;;01.cigarette électronique;39.9;;OK;
;;Rexa s champagne;;01.cigarette électronique;39.9;;OK;
;;Rexa s olive green;;01.cigarette électronique;39.9;;OK;
;;Rexa s red;;01.cigarette électronique;39.9;;OK;
;;Starter kit wenax M (powerbank + kit wenax M1 mini) blue geekvape;;01.cigarette électronique;54.4;;OK;
;;Starter Kit Wenax M GeekVape (Powerbank + Kit Wenax M1 Mini) earth art;;01.cigarette électronique;59.9;;OK;
;;Starter Kit Wenax M GeekVape (Powerbank + Kit Wenax M1 Mini) green;;01.cigarette électronique;59.9;;OK;
;;Starter Kit Wenax M GeekVape (Powerbank + Kit Wenax M1 Mini) silver;;01.cigarette électronique;59.9;;OK;
;;Sx mini - puremax Signature Pink tang;;01.cigarette électronique;49.9;;OK;
;;Thelema elite edition aurora;;01.cigarette électronique;40.88;;OK;
;;Thelema elite edition sakura;;01.cigarette électronique;42.9;;OK;
;;Typhos pro 3000mAh - creamy azure - Uwell;;01.cigarette électronique;45.9;;OK;
;;Typhos pro 3000mAh - light brown - Uwell;;01.cigarette électronique;45.9;;OK;
;;Typhos pro 3000mAh - midnight black - Uwell;;01.cigarette électronique;45.9;;OK;
;;Typhos pro 3000mAh - mint green - Uwell;;01.cigarette électronique;45.9;;OK;
;;Typhos pro 3000mAh - sakura pink - Uwell;;01.cigarette électronique;45.9;;OK;
;;Typhos pro 3000mAh - satin silver - Uwell;;01.cigarette électronique;45.9;;OK;
;;Vaporesso armour GS rose;;01.cigarette électronique;53.9;;OK;
;;Vaporesso Kit Armour Max iTank T 220W;;01.cigarette électronique;43.45;;OK;
;;Vaporesso Kit Armour S 100W;;01.cigarette électronique;72.9;;OK;
;;Vaporesso Kit Luxe X2 2000mAh;;01.cigarette électronique;47.99;;OK;
;;Vaporesso Kit Pod LUXE X2 40W 2000mAh 5ml;;01.cigarette électronique;49.9;;OK;
;;Vinci E120 Spray black;;01.cigarette électronique;63.9;;OK;
;;Voopoo Drag S2 Pnp X Limited Edition Pod Kit 5ml /2500mAh;;01.cigarette électronique;54.9;;OK;
;;VooPoo Vinci E120 - Champagne golden;;01.cigarette électronique;63.9;;OK;
;;VooPoo VINCI Spark 100 - silver;;01.cigarette électronique;65.9;;OK;
;;VooPoo Vinci Spark 220 kit - rose red;;01.cigarette électronique;81.9;;OK;
;;Vprime oxva;;01.cigarette électronique;45.45;;OK;
;;Bd vap box starwars;;02.box;99.9;;OK;
;;Bd vape rayden 220 edition t rex;;02.box;149.9;;OK;
;;Blaster mod BD Vape black;;02.box;79.9;;OK;
;;Blaster mod BD Vape skull edition;;02.box;79.9;;OK;
;;Box armour max 220W cyber blue - Vaporesso;;02.box;67.9;;OK;
;;Box armour max 220W cyber gold - Vaporesso;;02.box;2.9;;OK;
;;Box centaurus M200 muklay'23 pan edition lost vape;;02.box;63.23;;OK;
;;Box Centaurus M200 Retro Gamer 10TH Anniversary Limited Edition Lost Vape;;02.box;67.4;;OK;
;;Box centaurus M200 Sakura Dance by lost vape;;02.box;69.9;;OK;
;;Box centaurus M200 Sakura Fuji by lost vape;;02.box;69.9;;OK;
;;Box Centaurus N100 100W Lost Vape - Pink Waves;;02.box;49.9;;OK;
;;Box Centaurus P200  Blue Thunder;;02.box;49.9;;OK;
;;Box Centaurus P200  Shadow Dynasty;;02.box;49.9;;OK;
;;Box Erato 230 Smok - Matte Gunmetal;;02.box;44.9;;OK;
;;Innokin Kroma 217 100 Watt - Carbon Fiber;;02.box;42.56;;OK;
;;Lost Vape Centaurus M100 - Easy Grip - Interstellar 100W Mod;;02.box;55.9;;OK;
;;Lost Vape Centaurus M200  box ble-bear;;02.box;69.9;;OK;
;;Lost Vape Centaurus M200  box Gunmetal Grey;;02.box;69.9;;OK;
;;Lost Vape Centaurus M200  box moonlit spire;;02.box;69.9;;OK;
;;Lost Vape Centaurus M200  box pink formless;;02.box;69.9;;OK;
;;Lost Vape Centaurus M200 box;;02.box;69.9;;OK;
;;Lost Vape Centaurus M200 Mod Galaxy Black;;02.box;69.9;;OK;
;;Lost Vape Centaurus M200 Mod Golden knight;;02.box;69.9;;OK;
;;Mod box S101 matte black - S1 - San Indonesia X Gerobakvapor;;02.box;80.9;;OK;
;;Mod box S101 matte black - S3 - San Indonesia X Gerobakvapor;;02.box;80.9;;OK;
;;Mod hammer of god 200w - blue plasma;;02.box;109.9;;OK;
;;Mod hammer of god 200w - pink plasma;;02.box;109.9;;OK;
;;Mod rayden 100 militari camo - BD vape;;02.box;84.9;;OK;
;;Mod rayden 100 rainbow - BD vape;;02.box;84.9;;OK;
;;Vaporesso Armour Max Mod - Cyber Gold;;02.box;67.9;;OK;
;;Vaporesso Armour Max Mod Camo Blue;;02.box;67.9;;OK;
;;Vaporesso Armour Max Mod Cyber Blue;;02.box;67.9;;OK;
;;Coffret icecool;;020-offres;59.9;;OK;
;;BD Vape - Precisio Sub-Ohm Blaster - Gun Metal;;03.atomiseur;45.9;;OK;
;;Centaurus v2 tank sierra blue;;03.atomiseur;36.9;;OK;
;;Dead rabbit 3 RDA J edition - Shiny purple - Hellvape;;03.atomiseur;40.9;;OK;
;;Fumythech dragonball sub-ohm;;03.atomiseur;58.9;;OK;
;;GeekVape Z FLi Tank 2 - Glossy Black;;03.atomiseur;44.9;;OK;
;;GeekVape Z FLi Tank 2 - Rainbow;;03.atomiseur;44.9;;OK;
;;GeekVape Z FLi Tank 2 - Rose Gold;;03.atomiseur;44.9;;OK;
;;geekvape z max tank gunmetal;;03.atomiseur;33.74;;OK;
;;geekvape z max tank noir;;03.atomiseur;39.7;;OK;
;;Go max sub-ohm tank bleu innokin;;03.atomiseur;5.0;;OK;
;;Go max sub-ohm tank noir innokin;;03.atomiseur;5.0;;OK;
;;Go max sub-ohm tank vert innokin;;03.atomiseur;5.0;;OK;
;;Lost Vape - Centaurus V2 Sub OHM Tank - Black;;03.atomiseur;36.9;;OK;
;;Lost Vape - Centaurus V2 Sub OHM Tank - Gold;;03.atomiseur;36.9;;OK;
;;Lost Vape - Centaurus V2 Sub OHM Tank - silver;;03.atomiseur;35.94;;OK;
;;Precisio blaster Sub-Ohm Edition noir - BD Vape;;03.atomiseur;40.83;;OK;
;;Precisio raimbow;;03.atomiseur;45.9;;OK;
;;Precisio Sub-Ohm Blaster - BD Vape - Black;;03.atomiseur;45.9;;OK;
;;Precisio Sub-Ohm Blaster - BD Vape - Gun Metal;;03.atomiseur;45.9;;OK;
;;Profile X RTA 8ml Wotofo Silver;;03.atomiseur;42.9;;OK;
;;Steam crave aromamizer plus 24;;03.atomiseur;69.9;;OK;
;;Z flip tank 2 gold silver;;03.atomiseur;44.9;;OK;
;;Z flip tank 2 gunmetal grey;;03.atomiseur;44.9;;OK;
;;zenith pro Innokin black;;03.atomiseur;44.9;;OK;
;;zenith pro innokin gunmetal;;03.atomiseur;44.9;;OK;
;;Accu 18650 3800mah - Maxicell;;04.accus;12.06;;OK;
;;Accu 21700 6000mah - maxicell;;04.accus;14.9;;OK;
;;Accu mpv 18650 3500Mah;;04.accus;12.26;;OK;
;;Accu mpv 18650 4000 mah;;04.accus;11.89;;OK;
;;Accu MPV 21700 3.7v 5000 mAh;;04.accus;14.9;;OK;
;;Accu Wimbi 18650 3500 Mah;;04.accus;12.29;;OK;
;;Accu Wimbi 21700 5000 Mah;;04.accus;14.9;;OK;
;;Accu x power 21700 5000 Mah;;04.accus;16.9;;OK;
;;Ananas 10ml 0mg e-tasty;;05.E-liquide 10ml;;;Prix manquant;Prix de vente à renseigner.
;;Ananas 10ml 12mg e-tasty;;05.E-liquide 10ml;4.5;;OK;
;;Ananas 10ml 3mg e-tasty;;05.E-liquide 10ml;6.9;;OK;
;;Ananas 10ml 6mg e-tasty;;05.E-liquide 10ml;6.3;;OK;
;;ananas e-tasty 10ml;;05.E-liquide 10ml;3.76;;OK;
;;Barbe À Papa 10ml 0mg e-tasty;;05.E-liquide 10ml;4.9;;OK;
;;Barbe À Papa 10ml 12mg e-tasty;;05.E-liquide 10ml;3.97;;OK;
;;Barbe À Papa 10ml 3mg e-tasty;;05.E-liquide 10ml;4.86;;OK;
;;Barbe À Papa 10ml 6mg e-tasty;;05.E-liquide 10ml;3.79;;OK;
;;Bonbon carnival 10ml 12mg e-tasty;;05.E-liquide 10ml;4.45;;OK;
;;Bonbon carnival 10ml 3mg e-tasty;;05.E-liquide 10ml;5.34;;OK;
;;Bonbon carnival 10ml 6mg e-tasty;;05.E-liquide 10ml;3.69;;OK;
;;Bonbon violette 10ml 0mg e-tasty;;05.E-liquide 10ml;6.9;;OK;
;;Bonbon violette 10ml 12mg e-tasty;;05.E-liquide 10ml;3.77;;OK;
;;Bonbon violette 10ml 3mg e-tasty;;05.E-liquide 10ml;5.65;;OK;
;;Bonbon violette 10ml 6mg e-tasty;;05.E-liquide 10ml;5.9;;OK;
;;Cafe Expresso 10ml 0mg e-tasty;;05.E-liquide 10ml;4.56;;OK;
;;Cafe Expresso 10ml 12mg e-tasty;;05.E-liquide 10ml;5.16;;OK;
;;Cafe Expresso 10ml 3mg e-tasty;;05.E-liquide 10ml;6.9;;OK;
;;Cafe Expresso 10ml 6mg e-tasty;;05.E-liquide 10ml;4.25;;OK;
;;Cafe speculos 10ml 12mg e-tasty;;05.E-liquide 10ml;4.89;;OK;
;;Cafe speculos 10ml 3mg e-tasty;;05.E-liquide 10ml;5.79;;OK;
;;café speculos e-tasty 10ml;;05.E-liquide 10ml;4.27;;OK;
;;Caramel doré 10ml 12mg e-tasty;;05.E-liquide 10ml;4.36;;OK;
;;Caramel doré 10ml 3mg e-tasty;;05.E-liquide 10ml;3.9;;OK;
;;Caramel doré 10ml 6mg e-tasty;;05.E-liquide 10ml;5.59;;OK;
;;caramel doré e-tasty 10ml;;05.E-liquide 10ml;5.08;;OK;
;;Cassis frais 10ml 0mg e-tasty;;05.E-liquide 10ml;5.4;;OK;
;;Cassis frais 10ml 12mg e-tasty;;05.E-liquide 10ml;3.68;;OK;
;;Cassis frais 10ml 3mg e-tasty;;05.E-liquide 10ml;4.86;;OK;
;;Cassis frais 10ml 6mg e-tasty;;05.E-liquide 10ml;5.03;;OK;
;;cerise noir e-tasty 10ml;;05.E-liquide 10ml;4.49;;OK;
;;Cerise noire 10ml 0mg e-tasty;;05.E-liquide 10ml;4.41;;OK;
;;Cerise noire 10ml 10mg sel de nicotine e-tasty;;05.E-liquide 10ml;4.8;;OK;
;;Cerise noire 10ml 12mg e-tasty;;05.E-liquide 10ml;4.84;;OK;
;;Cerise noire 10ml 20mg sel de nicotine e-tasty;;05.E-liquide 10ml;5.23;;OK;
;;Cerise noire 10ml 3mg e-tasty;;05.E-liquide 10ml;4.72;;OK;
;;Cerise noire 10ml 5mg sel de nicotine e-tasty;;05.E-liquide 10ml;4.7;;OK;
;;Cerise noire 10ml 6mg e-tasty;;05.E-liquide 10ml;4.75;;OK;
;;Cherry cola 10ml 0mg e-tasty;;05.E-liquide 10ml;4.25;;OK;
;;Cherry cola 10ml 12mg e-tasty;;05.E-liquide 10ml;4.69;;OK;
;;Cherry cola 10ml 3mg e-tasty;;05.E-liquide 10ml;4.36;;OK;
;;Cherry cola 10ml 6mg e-tasty;;05.E-liquide 10ml;5.4;;OK;
;;cherry cola e-tasty 10ml;;05.E-liquide 10ml;4.77;;OK;
;;Chlorophylle 10ml 0mg e-tasty;;05.E-liquide 10ml;3.9;;OK;
;;Chlorophylle 10ml 12mg e-tasty;;05.E-liquide 10ml;4.99;;OK;
;;Chlorophylle 10ml 6mg e-tasty;;05.E-liquide 10ml;3.47;;OK;
;;chlorophylle e-tasty 10ml;;05.E-liquide 10ml;4.1;;OK;
;;Citron givree 10ml 0mg e-tasty;;05.E-liquide 10ml;4.76;;OK;
;;Citron givree 10ml 12mg e-tasty;;05.E-liquide 10ml;3.93;;OK;
;;Citron givree 10ml 3mg e-tasty;;05.E-liquide 10ml;5.28;;OK;
;;Citron givree 10ml 6mg e-tasty;;05.E-liquide 10ml;4.3;;OK;
;;citron givré e-tasty 10ml;;05.E-liquide 10ml;4.88;;OK;
;;Citron vert 10ml 0mg e-tasty;;05.E-liquide 10ml;4.62;;OK;
;;Citron vert 10ml 12mg e-tasty;;05.E-liquide 10ml;3.32;;OK;
;;Citron vert 10ml 3mg e-tasty;;05.E-liquide 10ml;4.7;;OK;
;;Citron vert 10ml 6mg e-tasty;;05.E-liquide 10ml;4.22;;OK;
;;Citron vert e-tasty 10ml;;05.E-liquide 10ml;3.92;;OK;
;;Cookie gourmand 10 ml 6mg e-tasty;;05.E-liquide 10ml;6.9;;OK;
;;Fraise sauvage 10ml 10mg sel de nicotine e-tasty;;05.E-liquide 10ml;4.2;;OK;
;;Fraise sauvage 10ml 20mg sel de nicotine e-tasty;;05.E-liquide 10ml;4.99;;OK;
;;Fraise sauvage 10ml 5mg sel de nicotine e-tasty;;05.E-liquide 10ml;3.9;;OK;
;;fraise sauvage e-tasty 10ml;;05.E-liquide 10ml;5.07;;OK;
;;Fraise sauvege 10ml 0mg e-tasty;;05.E-liquide 10ml;6.65;;OK;
;;Fraise sauvege 10ml 12mg e-tasty;;05.E-liquide 10ml;4.52;;OK;
;;Fraise sauvege 10ml 3mg e-tasty;;05.E-liquide 10ml;4.76;;OK;
;;Fraise sauvege 10ml 6mg e-tasty;;05.E-liquide 10ml;4.6;;OK;
;;Framboise sauvage 10ml 0mg e-tasty;;05.E-liquide 10ml;4.9;;OK;
;;Framboise sauvage 10ml 12mg e-tasty;;05.E-liquide 10ml;5.06;;OK;
;;Framboise sauvage 10ml 3mg e-tasty;;05.E-liquide 10ml;4.57;;OK;
;;Framboise sauvage 10ml 6mg e-tasty;;05.E-liquide 10ml;5.36;;OK;
;;Fruit du dragon 10ml 0mg e-tasty;;05.E-liquide 10ml;5.7;;OK;
;;Fruit du dragon 10ml 10mg sel de nicotine e-tasty;;05.E-liquide 10ml;6.9;;OK;
;;Fruit du dragon 10ml 12mg e-tasty;;05.E-liquide 10ml;4.9;;OK;
;;Fruit du dragon 10ml 20mg sel de nicotine e-tasty;;05.E-liquide 10ml;6.31;;OK;
;;Fruit du dragon 10ml 3mg e-tasty;;05.E-liquide 10ml;5.86;;OK;
;;Fruit du dragon 10ml 6mg e-tasty;;05.E-liquide 10ml;3.93;;OK;
;;fruit du dragon e-tasty 10ml;;05.E-liquide 10ml;4.98;;OK;
;;Fruit Du Serpent 10ml 0mg e-tasty;;05.E-liquide 10ml;3.9;;OK;
;;Fruit Du Serpent 10ml 12mg e-tasty;;05.E-liquide 10ml;4.62;;OK;
;;Fruit Du Serpent 10ml 3mg e-tasty;;05.E-liquide 10ml;6.9;;OK;
;;fruits rouge mentholé e-tasty 10ml;;05.E-liquide 10ml;5.34;;OK;
;;Fruits rouges 10ml 0mg e-tasty;;05.E-liquide 10ml;5.4;;OK;
;;Fruits rouges 10ml 10mg sel de nicotine e-tasty;;05.E-liquide 10ml;6.9;;OK;
;;Fruits rouges 10ml 12mg e-tasty;;05.E-liquide 10ml;4.79;;OK;
;;Fruits rouges 10ml 20mg sel de nicotine e-tasty;;05.E-liquide 10ml;6.71;;OK;
;;Fruits rouges 10ml 3mg e-tasty;;05.E-liquide 10ml;5.16;;OK;
;;Fruits rouges 10ml 6mg e-tasty;;05.E-liquide 10ml;5.52;;OK;
;;fruits rouges anisé e-tasty 10ml;;05.E-liquide 10ml;6.9;;OK;
;;Fruits Rouges Anisés 10ml 0mg e-tasty;;05.E-liquide 10ml;3.9;;OK;
;;Fruits Rouges Anisés 10ml 12mg e-tasty;;05.E-liquide 10ml;5.9;;OK;
;;Fruits Rouges Anisés 10ml 3mg e-tasty;;05.E-liquide 10ml;6.9;;OK;
;;Fruits Rouges Anisés 10ml 6mg e-tasty;;05.E-liquide 10ml;3.9;;OK;
;;fruits rouges e-tasty 10ml;;05.E-liquide 10ml;5.61;;OK;
;;Fruits Rouges mentholes 10ml 0mg e-tasty;;05.E-liquide 10ml;5.77;;OK;
;;Fruits Rouges mentholes 10ml 12mg e-tasty;;05.E-liquide 10ml;4.12;;OK;
;;Fruits Rouges mentholes 10ml 3mg e-tasty;;05.E-liquide 10ml;5.34;;OK;
;;Fruits Rouges mentholes 10ml 6mg e-tasty;;05.E-liquide 10ml;4.33;;OK;
;;Harrison 10ml 12mg e-tasty;;05.E-liquide 10ml;3.61;;OK;
;;Harrison 10ml 3mg e-tasty;;05.E-liquide 10ml;4.08;;OK;
;;Harrisson e-tasty 10ml;;05.E-liquide 10ml;4.85;;OK;
;;Kenton 10ml 0mg e-tasty;;05.E-liquide 10ml;6.04;;OK;
;;Kenton 10ml 12mg e-tasty;;05.E-liquide 10ml;;;Prix manquant;Prix de vente à renseigner.
;;Kenton 10ml 3mg e-tasty;;05.E-liquide 10ml;6.04;;OK;
;;Kenton 10ml 6mg e-tasty;;05.E-liquide 10ml;6.9;;OK;
;;Kenton e-tasty 10ml;;05.E-liquide 10ml;3.42;;OK;
;;Mangue juteuse 10ml 0mg e-tasty;;05.E-liquide 10ml;6.9;;OK;
;;Mangue juteuse 10ml 12mg e-tasty;;05.E-liquide 10ml;4.94;;OK;
;;Mangue juteuse 10ml 3mg e-tasty;;05.E-liquide 10ml;4.9;;OK;
;;Mangue juteuse 10ml 6mg e-tasty;;05.E-liquide 10ml;5.15;;OK;
;;mangue juteuse e-tasty 10ml;;05.E-liquide 10ml;3.59;;OK;
;;Menthe Fraiche 10ml 0mg e-tasty;;05.E-liquide 10ml;6.9;;OK;
;;Menthe fraiche 10ml 10mg sel de nicotine e-tasty;;05.E-liquide 10ml;6.9;;OK;
;;Menthe Fraiche 10ml 12mg e-tasty;;05.E-liquide 10ml;1.86;;OK;
;;Menthe Fraiche 10ml 3mg e-tasty;;05.E-liquide 10ml;5.4;;OK;
;;Menthe Fraiche 10ml 6mg e-tasty;;05.E-liquide 10ml;4.25;;OK;
;;Menthe fraiche e-tasty 10ml;;05.E-liquide 10ml;2.67;;OK;
;;Menthe fraiche10ml 20mg sel de nicotine e-tasty;;05.E-liquide 10ml;6.9;;OK;
;;Menthe polaire 10ml 12mg e-tasty;;05.E-liquide 10ml;4.18;;OK;
;;Menthe polaire 10ml 20mg sel de nicotine e-tasty;;05.E-liquide 10ml;6.49;;OK;
;;Menthe polaire 10ml 3mg e-tasty;;05.E-liquide 10ml;5.4;;OK;
;;Menthe polaire 10ml 6mg e-tasty;;05.E-liquide 10ml;2.34;;OK;
;;Myrtille sauvage 10ml 12mg e-tasty;;05.E-liquide 10ml;2.45;;OK;
;;Myrtille sauvage 10ml 3mg e-tasty;;05.E-liquide 10ml;6.25;;OK;
;;Myrtille sauvage 10ml 6mg e-tasty;;05.E-liquide 10ml;3.45;;OK;
;;Pamplemousse 10ml 0mg e-tasty;;05.E-liquide 10ml;;;Prix manquant;Prix de vente à renseigner.
;;Pamplemousse 10ml 12mg e-tasty;;05.E-liquide 10ml;4.0;;OK;
;;Pamplemousse e-tasty 10ml;;05.E-liquide 10ml;;;Prix manquant;Prix de vente à renseigner.
;;Pasteque juteuse 10ml 0mg e-tasty;;05.E-liquide 10ml;3.9;;OK;
;;Pasteque juteuse 10ml 12mg e-tasty;;05.E-liquide 10ml;4.06;;OK;
;;Pasteque juteuse 10ml 3mg e-tasty;;05.E-liquide 10ml;4.28;;OK;
;;Pasteque juteuse 10ml 6mg e-tasty;;05.E-liquide 10ml;5.42;;OK;
;;Peche 10ml 0mg e-tasty;;05.E-liquide 10ml;6.9;;OK;
;;Peche 10ml 12mg e-tasty;;05.E-liquide 10ml;3.8;;OK;
;;Peche 10ml 3mg e-tasty;;05.E-liquide 10ml;5.12;;OK;
;;Peche 10ml 6mg e-tasty;;05.E-liquide 10ml;4.65;;OK;
;;Poire juteuse 10ml 12mg e-tasty;;05.E-liquide 10ml;4.19;;OK;
;;Poire juteuse 10ml 3mg e-tasty;;05.E-liquide 10ml;6.9;;OK;
;;poire juteuse e-tasty 10ml;;05.E-liquide 10ml;5.36;;OK;
;;Pomme croquante 10ml 12mg e-tasty;;05.E-liquide 10ml;3.13;;OK;
;;Pomme croquante 10ml 3mg e-tasty;;05.E-liquide 10ml;4.5;;OK;
;;Pomme croquante 10ml 6mg e-tasty;;05.E-liquide 10ml;5.67;;OK;
;;pomme croquante e-tasty 10ml;;05.E-liquide 10ml;4.56;;OK;
;;Pop cola 10ml 0mg e-tasty;;05.E-liquide 10ml;6.39;;OK;
;;Pop cola 10ml 12mg e-tasty;;05.E-liquide 10ml;4.76;;OK;
;;Pop cola 10ml 3mg e-tasty;;05.E-liquide 10ml;4.74;;OK;
;;Pop cola 10ml 6mg e-tasty;;05.E-liquide 10ml;5.1;;OK;
;;Popcorn 10ml 12mg e-tasty;;05.E-liquide 10ml;3.74;;OK;
;;Popcorn 10ml 3mg e-tasty;;05.E-liquide 10ml;3.68;;OK;
;;Popcorn 10ml 6mg e-tasty;;05.E-liquide 10ml;5.96;;OK;
;;Raisin exquis 10ml 12mg e-tasty;;05.E-liquide 10ml;5.29;;OK;
;;Raisin exquis 10ml 3mg e-tasty;;05.E-liquide 10ml;4.93;;OK;
;;Raisin exquis 10ml 6mg e-tasty;;05.E-liquide 10ml;5.32;;OK;
;;raisin exquis e-tasty 10ml;;05.E-liquide 10ml;3.92;;OK;
;;Sel de nicotine cerise noir 20mg;;05.E-liquide 10ml;4.43;;OK;
;;Sel de nicotine fruit rouge;;05.E-liquide 10ml;1.99;;OK;
;;Sel de nicotine vanille dore 20mg;;05.E-liquide 10ml;1.98;;OK;
;;United 10ml 0mg e-tasty;;05.E-liquide 10ml;5.9;;OK;
;;United 10ml 12mg e-tasty;;05.E-liquide 10ml;4.7;;OK;
;;United 10ml 20mg sel de nicotine e-tasty;;05.E-liquide 10ml;5.4;;OK;
;;United 10ml 3mg e-tasty;;05.E-liquide 10ml;6.57;;OK;
;;United 10ml 6mg e-tasty;;05.E-liquide 10ml;5.0;;OK;
;;Vanille dore 10ml 12mg e-tasty;;05.E-liquide 10ml;4.73;;OK;
;;Vanille dore 10ml 3mg e-tasty;;05.E-liquide 10ml;3.9;;OK;
;;Vanille dorée 10ml 10mg sel de nicotine e-tasty;;05.E-liquide 10ml;3.9;;OK;
;;Vanille dorée 10ml 20mg sel de nicotine e-tasty;;05.E-liquide 10ml;5.9;;OK;
;;vanille dorée e-tasty 10ml;;05.E-liquide 10ml;5.88;;OK;
;;Virginia 10ml 10mg sel de nicotine e-tasty;;05.E-liquide 10ml;3.9;;OK;
;;Virginia 10ml 20mg sel de nicotine e-tasty;;05.E-liquide 10ml;6.9;;OK;
;;001 - Squid Juice - 50ml;;06.E-liquide 50ml;13.15;;OK;
;;001squid juice 50ml - crazy labs;;06.E-liquide 50ml;0.21;;OK;
;;222 - Squid Juice - 50ml;;06.E-liquide 50ml;10.9;;OK;
;;456 - Squid Juice - 50ml;;06.E-liquide 50ml;14.5;;OK;
;;Akashi 50ml Kyoto Storm - Raneki Liquide;;06.E-liquide 50ml;21.9;;OK;
;;Alien blood 50ml;;06.E-liquide 50ml;20.9;;OK;
;;All vap's l'apprentie vodka rouge;;06.E-liquide 50ml;18.59;;OK;
;;All vap's le tatoué;;06.E-liquide 50ml;18.76;;OK;
;;Amalgam Pomtus 50ml;;06.E-liquide 50ml;21.9;;OK;
;;Amazone guaporé 50ml;;06.E-liquide 50ml;21.9;;OK;
;;Amazone japurá 50ml;;06.E-liquide 50ml;21.9;;OK;
;;Amazone mantaro 50ml;;06.E-liquide 50ml;21.9;;OK;
;;Amazone TAMBO 50ML;;06.E-liquide 50ml;21.9;;OK;
;;Ananas Fraise 50 ml - Vape City;;06.E-liquide 50ml;20.9;;OK;
;;Ananas kiwi jaune 50ml GlaGla;;06.E-liquide 50ml;20.9;;OK;
;;Arcvape ekyo 50ml;;06.E-liquide 50ml;10.9;;OK;
;;Arcvape nyxe 50ml;;06.E-liquide 50ml;9.7;;OK;
;;Arcvape vaï 50ml;;06.E-liquide 50ml;10.36;;OK;
;;Arcvape verdinger 50ml;;06.E-liquide 50ml;10.22;;OK;
;;Aria 50 Ml - Furiosa Eggz V2;;06.E-liquide 50ml;10.95;;OK;
;;Assassin - Assassin's Vape - 50ml;;06.E-liquide 50ml;10.9;;OK;
;;Assassin vape fantassin 50ml;;06.E-liquide 50ml;10.9;;OK;
;;Assassin vape guerrier 50ml;;06.E-liquide 50ml;10.9;;OK;
;;Assassin vape pirate 50ml;;06.E-liquide 50ml;10.9;;OK;
;;Athena 50ml Olympe - Raneki Liquide;;06.E-liquide 50ml;21.9;;OK;
;;Azura 50 Ml Inspiration - E-Tasty;;06.E-liquide 50ml;16.43;;OK;
;;Azura inspiration e-tasty;;06.E-liquide 50ml;21.9;;OK;
;;BAIRY 50 ml - Les maxis malins;;06.E-liquide 50ml;17.52;;OK;
;;Bako extra frais 50 ml - Bankiz by E-Tasty;;06.E-liquide 50ml;20.9;;OK;
;;Bako extra frais 50ml -Bankiz- ETasty;;06.E-liquide 50ml;17.42;;OK;
;;Banana custard shake 50ml - milky shake;;06.E-liquide 50ml;;;Prix manquant;Prix de vente à renseigner.
;;Bananoisee  50ml - Péché Gourmand;;06.E-liquide 50ml;20.9;;OK;
;;Bananoisee 50ml peche gourmand;;06.E-liquide 50ml;20.9;;OK;
;;BARBARIAN TRIBAL LORDS BY TRIBAL FORCE 50ML 00MG;;06.E-liquide 50ml;19.9;;OK;
;;berry wood omg 50 ml - the MDS juice;;06.E-liquide 50ml;13.14;;OK;
;;Big Kawa cafe Caramel 50ml;;06.E-liquide 50ml;13.93;;OK;
;;Big Kawa cafe frapper 50ml;;06.E-liquide 50ml;20.9;;OK;
;;Big Kawa cafe noisette 50ml;;06.E-liquide 50ml;;;Prix manquant;Prix de vente à renseigner.
;;Birdy mango pandore;;06.E-liquide 50ml;20.9;;OK;
;;Biscuit au beurre 50ml - Maison velours;;06.E-liquide 50ml;20.9;;OK;
;;Bisou Black Swoke 50ml Swoke;;06.E-liquide 50ml;10.45;;OK;
;;Bisto 50 ml - Bankiz by E-Tasty;;06.E-liquide 50ml;20.9;;OK;
;;Bisto extra frais 50 ml - Bankiz by E-Tasty;;06.E-liquide 50ml;20.9;;OK;
;;Black cat pandore;;06.E-liquide 50ml;;;Prix manquant;Prix de vente à renseigner.
;;Black lemon 50ml - creative suite;;06.E-liquide 50ml;20.9;;OK;
;;Black Lemon Creative Suite Eliquid France 50ml;;06.E-liquide 50ml;;;Prix manquant;Prix de vente à renseigner.
;;black summer omg 50 ml - the MDS juice;;06.E-liquide 50ml;21.9;;OK;
;;Bleu d'envie 50ml La Cueillette De Louise;;06.E-liquide 50ml;21.9;;OK;
;;Bleu d'envie hiver 50ml La Cueillette De Louise;;06.E-liquide 50ml;10.95;;OK;
;;Bleu d'envie la cueillette de louise;;06.E-liquide 50ml;21.9;;OK;
;;BLONDY 50ml - les maxis malins;;06.E-liquide 50ml;21.9;;OK;
;;Blue 50ml - Green Fresh by ELIQUID France;;06.E-liquide 50ml;19.9;;OK;
;;blue omg 50 ml - the MDS juice;;06.E-liquide 50ml;21.9;;OK;
;;Blue rasphell hellfest 50ml - cloud vapor;;06.E-liquide 50ml;13.27;;OK;
;;Bluerazz kuix 50 ml;;06.E-liquide 50ml;20.9;;OK;
;;Bonbon Framboise Violette Printemps Protect 50ml;;06.E-liquide 50ml;10.45;;OK;
;;Boss - Squid Juice - 50ml;;06.E-liquide 50ml;10.91;;OK;
;;Brasse Abricot Peche Automne Protect 50ml;;06.E-liquide 50ml;20.9;;OK;
;;Brazo del mango  50ml - Péché Gourmand;;06.E-liquide 50ml;;;Prix manquant;Prix de vente à renseigner.
;;Brioche perdue Caramel 50ml;;06.E-liquide 50ml;17.76;;OK;
;;Bubble gum pastèque 50 ml;;06.E-liquide 50ml;20.9;;OK;
;;Burning Blue 50ml - Paperland by Airmust;;06.E-liquide 50ml;15.79;;OK;
;;Bübü Saiyen Vapors 50ml Swoke;;06.E-liquide 50ml;19.9;;OK;
;;Cacahuete caramel beurre sale LES 4 SAISONS Protect;;06.E-liquide 50ml;20.9;;OK;
;;Cactus Aloe Vera Fruit du Dragon Ice Cool By Liquidarom 50ml 00mg;;06.E-liquide 50ml;19.9;;OK;
;;Cafe caramel 50ml big kawa;;06.E-liquide 50ml;20.9;;OK;
;;Cafe frappe 50ml big kawa;;06.E-liquide 50ml;20.9;;OK;
;;Cafe glace caramel 50ml - crazy juice;;06.E-liquide 50ml;21.9;;OK;
;;Cafe noisette 50ml big kawa;;06.E-liquide 50ml;19.85;;OK;
;;Cappuccino creme 50ml - Maison velours;;06.E-liquide 50ml;20.9;;OK;
;;Carmi 50 Ml Inspiration - E-Tasty;;06.E-liquide 50ml;21.9;;OK;
;;Cassis Framboise Fraises Des Bois Protect 50ml 00mg;;06.E-liquide 50ml;15.68;;OK;
;;Cassis violette fresh & furious;;06.E-liquide 50ml;20.9;;OK;
;;Cereales Gourmandes Protect;;06.E-liquide 50ml;20.9;;OK;
;;Cerise royale 50ml elikuid;;06.E-liquide 50ml;10.55;;OK;
;;Chappy 50ml - Wanted - swoke;;06.E-liquide 50ml;19.9;;OK;
;;Cherry devil hellfest 50ml - cloud vapor;;06.E-liquide 50ml;19.9;;OK;
;;Chew King 50ml Smoke Wars - E Tasty;;06.E-liquide 50ml;16.86;;OK;
;;Chew king smoke wars e-tasty;;06.E-liquide 50ml;14.6;;OK;
;;Chlorywood 50 ml Iceberg;;06.E-liquide 50ml;18.88;;OK;
;;Chlorywood 50ml iceberg;;06.E-liquide 50ml;18.11;;OK;
;FRZM50100;Citron cassis 50ml - Fruizee Max;Fruizee MAX;06.E-liquide 50ml;16.93;;OK;
;;Citron Cassis Mandarine 50 ml Iceberg;;06.E-liquide 50ml;20.9;;OK;
;;Citron cassis mandarine 50ml iceberg;;06.E-liquide 50ml;13.11;;OK;
;FRZM50200;Citron mandarine 50ml - Fruizee Max;Fruizee MAX;06.E-liquide 50ml;20.9;;OK;
;;Citron orange 50 ml Iceberg;;06.E-liquide 50ml;20.9;;OK;
;;Citron Orange 50ml Iceberg;;06.E-liquide 50ml;20.9;;OK;
;;Cloud Vapor Black 50ml Kung Freeze;;06.E-liquide 50ml;14.93;;OK;
;;Cloud Vapor Dark 50ml Kung Freeze;;06.E-liquide 50ml;20.9;;OK;
;;Cloud Vapor Midnight 50ml Kung Freeze;;06.E-liquide 50ml;20.9;;OK;
;;Cloud Vapor Red 50ml Kung Freeze;;06.E-liquide 50ml;11.97;;OK;
;;Cloud Vapor Sunlight 50ml Kung Freeze;;06.E-liquide 50ml;8.36;;OK;
;;Cloud Vapor Sunrise 50ml Kung Freeze;;06.E-liquide 50ml;13.06;;OK;
;;Cloud Vapor Sunsef 50ml Kung Freeze;;06.E-liquide 50ml;19.16;;OK;
;;Cocktail exotique icecool 50ml by liquidarom;;06.E-liquide 50ml;15.92;;OK;
;;Cola Meca 50 ml Yum e.bot;;06.E-liquide 50ml;20.9;;OK;
;FRZM50400;Cola pomme 50ml - Fruizee Max;Fruizee MAX;06.E-liquide 50ml;19.23;;OK;
;;Cola Pomme Ice Cool By Liquidarom 50ml 00mg;;06.E-liquide 50ml;15.92;;OK;
;;Crazy Lequin 50ml Loly Yumy;;06.E-liquide 50ml;21.9;;OK;
;;Creamy vanilla shake 50ml - milky shake;;06.E-liquide 50ml;10.45;;OK;
;;Creme de cafe  50ml - Péché Gourmand;;06.E-liquide 50ml;20.9;;OK;
;;Creme de cafe 50ml peche gourmand;;06.E-liquide 50ml;20.9;;OK;
;;Cross - Squid Juice - 50ml;;06.E-liquide 50ml;10.91;;OK;
;;Crème citron KF STUDIO;;06.E-liquide 50ml;;;Prix manquant;Prix de vente à renseigner.
;;CYBER 66 - NOOMI;;06.E-liquide 50ml;20.9;;OK;
;;CYBER 66 - NÉBULA;;06.E-liquide 50ml;10.45;;OK;
;;Céréales Caramel  50ml - Péché Gourmand;;06.E-liquide 50ml;15.68;;OK;
;;Da loving witch;;06.E-liquide 50ml;6.54;;OK;
;;Dark Enigma T Juice 50ml;;06.E-liquide 50ml;13.14;;OK;
;;dark rainbow omg 50 ml - the MDS juice;;06.E-liquide 50ml;21.9;;OK;
;;delicious omg 50 ml - the MDS juice;;06.E-liquide 50ml;21.9;;OK;
;;Deus Ex Machina 50ml - Cappucino Vanille Caramel - Vap Air;;06.E-liquide 50ml;20.9;;OK;
;;Deus Ex Machina 50ml - Fruit du dragon - Vap Air;;06.E-liquide 50ml;8.36;;OK;
;;Deus Ex Machina 50ml - Mure Raisin Figue - Vap Air;;06.E-liquide 50ml;20.9;;OK;
;;Diamond Casino 50ml - Grand Taste City;;06.E-liquide 50ml;14.6;;OK;
;;Djinn blood 50ml;;06.E-liquide 50ml;20.9;;OK;
;;Dog fizz Pandore;;06.E-liquide 50ml;16.72;;OK;
;;Doll - Squid Juice - 50ml;;06.E-liquide 50ml;13.15;;OK;
;;Donald 2 50ml - Swoke;;06.E-liquide 50ml;20.9;;OK;
;;Donuts glacé 50ml - Maison velours;;06.E-liquide 50ml;;;Prix manquant;Prix de vente à renseigner.
;;Double dragon 50ml - fruit du dragon cerise;;06.E-liquide 50ml;20.9;;OK;
;;Double dragon 50ml - fruit du dragon fraise;;06.E-liquide 50ml;20.9;;OK;
;;Double dragon 50ml - fruit du dragon framboise;;06.E-liquide 50ml;20.9;;OK;
;;Double dragon 50ml - fruit du dragon mandarine;;06.E-liquide 50ml;13.93;;OK;
;;Double dragon 50ml - fruit du dragon mure;;06.E-liquide 50ml;17.91;;OK;
;;Double dragon 50ml - fruit du dragon passion;;06.E-liquide 50ml;19.85;;OK;
;;Double dragon 50ml - fruit du dragon peche;;06.E-liquide 50ml;20.9;;OK;
;;Double dragon 50ml - fruit du dragon vanilla ice;;06.E-liquide 50ml;20.9;;OK;
;;Double dragon 50ml - fruit du dragon violette;;06.E-liquide 50ml;15.88;;OK;
;;Double zero 50 ml Iceberg;;06.E-liquide 50ml;20.9;;OK;
;;Double zero 50ml iceberg;;06.E-liquide 50ml;20.9;;OK;
;;drago omg 50 ml - the MDS juice;;06.E-liquide 50ml;21.9;;OK;
;;Dragon 50ML - ENFER;;06.E-liquide 50ml;20.9;;OK;
;;dragon blast hellfest 50ml - cloud vapor;;06.E-liquide 50ml;19.9;;OK;
;;Dragon cassis citron 50ml GlaGla;;06.E-liquide 50ml;15.2;;OK;
;;Dragon Energy T Juice 50ml;;06.E-liquide 50ml;19.9;;OK;
;FRZM50500;Dragon fraise 50ml - Fruizee Max;Fruizee MAX;06.E-liquide 50ml;18.58;;OK;
;FRZM50600;Dragon fruits rouges 50ml - Fruizee Max;Fruizee MAX;06.E-liquide 50ml;16.42;;OK;
;;Dragon menthe vert 50ml GlaGla;;06.E-liquide 50ml;20.9;;OK;
;;Dragon rouge 50 ml Iceberg;;06.E-liquide 50ml;17.21;;OK;
;;Dragon rouge 50ml iceberg;;06.E-liquide 50ml;20.9;;OK;
;;DRAGOO 50ml - les maxis malins;;06.E-liquide 50ml;18.25;;OK;
;;Dragy pills 50ml Loly Yumy;;06.E-liquide 50ml;21.9;;OK;
;;E liquide ICE COOL - Cassis Citron 50ml;;06.E-liquide 50ml;19.9;;OK;
;;E liquide ICE COOL - Citron vert - Orange sanguine 50ml;;06.E-liquide 50ml;19.9;;OK;
;;E liquide ICE COOL - Extra Fruits Rouges;;06.E-liquide 50ml;19.9;;OK;
;;E liquide ICE COOL - Fraise Framboise Basilic 50ml;;06.E-liquide 50ml;19.79;;OK;
;;E liquide ICE COOL - Lychee Myrtille 50ml;;06.E-liquide 50ml;19.9;;OK;
;;E liquide ICE COOL - Mangue Passion;;06.E-liquide 50ml;17.41;;OK;
;;E liquide Le Ptit Blond 50ml - LES ESSENTIELS;;06.E-liquide 50ml;9.95;;OK;
;;E-Tasty Gang Organisé - Iris la perchee 50ml;;06.E-liquide 50ml;21.9;;OK;
;;E-Tasty Gang Organisé - Sophie La Casse Cou 50ml;;06.E-liquide 50ml;10.95;;OK;
;;E-Tasty One Taste - Bonbon carnaval 50ml;;06.E-liquide 50ml;13.14;;OK;
;;E-Tasty One Taste - Cafe expresso 50ml;;06.E-liquide 50ml;21.9;;OK;
;;E-Tasty One Taste - Cerise noir 50ml;;06.E-liquide 50ml;19.16;;OK;
;;E-Tasty One Taste - Citron givre 50ml;;06.E-liquide 50ml;21.9;;OK;
;;E-Tasty One Taste - Fraise sauvage 50ml;;06.E-liquide 50ml;19.86;;OK;
;;E-Tasty One Taste - Fruit Du Dragon 50ml;;06.E-liquide 50ml;21.9;;OK;
;;E-Tasty One Taste - Fruits rouges 50ml;;06.E-liquide 50ml;21.9;;OK;
;;E-Tasty One Taste - Menthe fraiche 50ml;;06.E-liquide 50ml;21.9;;OK;
;;E-Tasty One Taste - Menthe polaire 50ml;;06.E-liquide 50ml;;;Prix manquant;Prix de vente à renseigner.
;;Edition Astrale - La Licorne - 50ml;;06.E-liquide 50ml;14.6;;OK;
;;Edition Astrale - Licorne ICE - 50ml;;06.E-liquide 50ml;21.9;;OK;
;;Ekyo - Arcvape- 50ml;;06.E-liquide 50ml;8.72;;OK;
;;Enfer pink 50ml vap47;;06.E-liquide 50ml;20.9;;OK;
;;enigma v2 omg 50 ml - the MDS juice;;06.E-liquide 50ml;14.6;;OK;
;;Esteli 50ml - Aromes & secrets;;06.E-liquide 50ml;10.45;;OK;
;;Etna 50ml - Aromes & secrets;;06.E-liquide 50ml;20.9;;OK;
;;Etreinte sauvage - Red Valentine - 50ml;;06.E-liquide 50ml;10.9;;OK;
;;Fake N' Vape Bleu 50ml;;06.E-liquide 50ml;10.9;;OK;
;;Fake N' Vape Jaune 50ml;;06.E-liquide 50ml;10.81;;OK;
;;Fake N' Vape Orange 50ml;;06.E-liquide 50ml;10.61;;OK;
;;Fake N' Vape Rose 50ml;;06.E-liquide 50ml;9.91;;OK;
;;Fake N' Vape Rouge 50ml;;06.E-liquide 50ml;10.28;;OK;
;;Fake N' Vape Vert 50ml;;06.E-liquide 50ml;10.9;;OK;
;;Fake N' Vape Violet 50ml;;06.E-liquide 50ml;10.24;;OK;
;;Fantassin - Assassin's Vape - 50ml;;06.E-liquide 50ml;10.29;;OK;
;;FELICITA-Freezy Crush E-TASTY;;06.E-liquide 50ml;20.9;;OK;
;;Fine cuts estrella titanide 50ml;;06.E-liquide 50ml;21.9;;OK;
;;Fine cuts goldleaf titanide 50ml;;06.E-liquide 50ml;21.9;;OK;
;;Fine cuts nubian titanide 50ml;;06.E-liquide 50ml;21.9;;OK;
;;Fou de caramel 50ml peche gourmand;;06.E-liquide 50ml;20.9;;OK;
;FRZM50700;Fraise framboise 50ml - Fruizee Max;Fruizee MAX;06.E-liquide 50ml;16.98;;OK;
;;FRAISY 50ml - les maxis malins;;06.E-liquide 50ml;21.9;;OK;
;;Fraisy Gaga 50ml Loly Yumy;;06.E-liquide 50ml;21.9;;OK;
;;Framboise (50mL);;06.E-liquide 50ml;19.9;;OK;
;;Framboise 50 ml Iceberg;;06.E-liquide 50ml;20.9;;OK;
;;Framboise 50ml iceberg;;06.E-liquide 50ml;20.9;;OK;
;;Framboise 50ml peche gourmand;;06.E-liquide 50ml;19.34;;OK;
;;Framboise Bleue Fruit Du Dragon 50 ml - Vape City;;06.E-liquide 50ml;20.9;;OK;
;;Framboise Bleue Pitaya Ice Cool By Liquidarom 50ml 00mg;;06.E-liquide 50ml;19.9;;OK;
;;Framboise Cassis Mûre 50 ml - Vape City;;06.E-liquide 50ml;20.9;;OK;
;;Framboise fraise des bois icecool 50ml by liquidarom;;06.E-liquide 50ml;19.9;;OK;
;;Framboise Violette 50 ml - Vape City;;06.E-liquide 50ml;20.9;;OK;
;;Framboiserie 50ml - Péché Gourmand;;06.E-liquide 50ml;10.45;;OK;
;;Framboiserie 50ml peche gourmand;;06.E-liquide 50ml;20.9;;OK;
;;Freho 50 ml - Bankiz by E.Tasty;;06.E-liquide 50ml;10.45;;OK;
;;Freho 50ml -Bankiz- ETasty;;06.E-liquide 50ml;20.9;;OK;
;;Freho extra frais 50 ml - Bankiz by E-Tasty;;06.E-liquide 50ml;15.68;;OK;
;;Freho extra frais 50ml -Bankiz- ETasty;;06.E-liquide 50ml;20.9;;OK;
;;FRISKOO 50ml - les maxis malins;;06.E-liquide 50ml;21.9;;OK;
;;Frisson caviar citron mechamment givre 50ml;;06.E-liquide 50ml;14.93;;OK;
;;Frisson Cerise Noire 50ml Frisson;;06.E-liquide 50ml;16.58;;OK;
;;Frisson cerise noire mechamment givre 50ml bobble;;06.E-liquide 50ml;16.76;;OK;
;;Frisson Double Mangue Méchamment Givrée 50ml;;06.E-liquide 50ml;19.9;;OK;
;;Frisson Framboise Méchamment Givrée 50ml;;06.E-liquide 50ml;15.92;;OK;
;;Frisson Fruits Rouges Méchamment Givrée 50ml;;06.E-liquide 50ml;19.9;;OK;
;;Frisson max framboise;;06.E-liquide 50ml;6.64;;OK;
;;Frisson max menthe;;06.E-liquide 50ml;19.9;;OK;
;;Frisson Menthe Méchamment Givrée 50ml;;06.E-liquide 50ml;19.9;;OK;
;;Frisson Pastèque 50ml;;06.E-liquide 50ml;19.9;;OK;
;;Frisson pastèque méchamment givrée;;06.E-liquide 50ml;13.27;;OK;
;;Frozen C4 Saiyen Vapors Swoke;;06.E-liquide 50ml;19.16;;OK;
;;Frozen Diablo Saiyen Vapors 50ml Swoke;;06.E-liquide 50ml;18.41;;OK;
;;Frozen Zeus Saiyen Vapors Swoke 50ml;;06.E-liquide 50ml;16.92;;OK;
;;Fruit du dragon grenade 50 ml Iceberg;;06.E-liquide 50ml;20.9;;OK;
;;Fruit du dragon grenade 50ml iceberg;;06.E-liquide 50ml;20.9;;OK;
;;Fruit Du Dragon Jaune Framboise Bleue Le Petit Verger 50ml 00mg;;06.E-liquide 50ml;16.99;;OK;
;;Fruit Du Dragon Papaye Mangue Kumquat Fureur Du Dragon Le Vapoteur Breton 50ml;;06.E-liquide 50ml;12.69;;OK;
;;Fruit du serpent 50 ml Iceberg;;06.E-liquide 50ml;20.9;;OK;
;;Fruit du serpent 50ml iceberg;;06.E-liquide 50ml;20.9;;OK;
;;Fruits rouges 50 ml Iceberg;;06.E-liquide 50ml;20.04;;OK;
;;Fruits rouges 50ml iceberg;;06.E-liquide 50ml;14.63;;OK;
;;Fruits rouges kuix 50 ml;;06.E-liquide 50ml;;;Prix manquant;Prix de vente à renseigner.
;FRZM50800;Fruits rouges raisin 50ml - Fruizee Max;Fruizee MAX;06.E-liquide 50ml;20.9;;OK;
;FRZM50900;Fruits rouges yuzu 50ml - Fruizee Max;Fruizee MAX;06.E-liquide 50ml;20.9;;OK;
;;Funny Jelly 50ml Loly Yumy;;06.E-liquide 50ml;19.71;;OK;
;;Furios - Vaporant - 50 ml;;06.E-liquide 50ml;10.9;;OK;
;;Gameover Oario 50ml;;06.E-liquide 50ml;21.9;;OK;
;;Gang organisé Rick la castagne;;06.E-liquide 50ml;19.16;;OK;
;;Gang organisé Sophie la casse-cou;;06.E-liquide 50ml;14.23;;OK;
;;Gla gla ananas kiwi jaune;;06.E-liquide 50ml;20.9;;OK;
;;Gla gla goomy framboise bleue;;06.E-liquide 50ml;20.9;;OK;
;;Gla gla poire abricot fraise;;06.E-liquide 50ml;20.9;;OK;
;;Gla gla tutti frutti grenadine;;06.E-liquide 50ml;20.9;;OK;
;;Gloss 50ml Swoke;;06.E-liquide 50ml;21.9;;OK;
;;Gloss Swoke 50ml Swoke;;06.E-liquide 50ml;18.81;;OK;
;;Gold 0mg 50ml - The MDS Juice;;06.E-liquide 50ml;21.9;;OK;
;;Goomy framboise bleu 50ml GlaGla;;06.E-liquide 50ml;18.58;;OK;
;;Granita soft cola 50ml - Alfa liquid;;06.E-liquide 50ml;20.9;;OK;
;;Granita soft fraise fruit du dragon 50ml - Alfa liquid;;06.E-liquide 50ml;20.9;;OK;
;;Granita soft mure casis 50ml - Alfa liquid;;06.E-liquide 50ml;;;Prix manquant;Prix de vente à renseigner.
;;Granita soft pastèque 50ml - Alfa liquid;;06.E-liquide 50ml;20.9;;OK;
;;Granita soft tropical bleu;;06.E-liquide 50ml;20.9;;OK;
;;Granita soft tropical bleu 50ml - Alfa liquid;;06.E-liquide 50ml;20.9;;OK;
;;Granita soft virgin mojito;;06.E-liquide 50ml;20.9;;OK;
;;Green demon pandore;;06.E-liquide 50ml;20.9;;OK;
;;green omg 50 ml - the MDS juice;;06.E-liquide 50ml;21.9;;OK;
;;Grenade Kiwi 50 ml - Vape City;;06.E-liquide 50ml;20.9;;OK;
;;Griffon 50 Ml - Furiosa Eggz V2;;06.E-liquide 50ml;21.9;;OK;
;;Guerrier - Assassin's Vape - 50ml;;06.E-liquide 50ml;10.9;;OK;
;;Gummy Ball 50ml Loly Yumy;;06.E-liquide 50ml;21.9;;OK;
;;Hades 50ml Olympe - Raneki Liquide;;06.E-liquide 50ml;21.9;;OK;
;;Hadesama 50ml MIV;;06.E-liquide 50ml;;;Prix manquant;Prix de vente à renseigner.
;;Hanzo 50ml Kyoto Storm - Raneki Liquide;;06.E-liquide 50ml;21.9;;OK;
;;Havoc - Vaporant - 50 ml;;06.E-liquide 50ml;10.9;;OK;
;;Hellflakes 50ml - overdrive;;06.E-liquide 50ml;20.9;;OK;
;;Hellflakes overdrive;;06.E-liquide 50ml;20.9;;OK;
;;Hiver rose d'euphorie la cuillères de louise;;06.E-liquide 50ml;21.9;;OK;
;;Hook avery 50ml;;06.E-liquide 50ml;16.92;;OK;
;;Hook avery dragon fraise 50ml bobble;;06.E-liquide 50ml;18.41;;OK;
;;Hook kids 50ml;;06.E-liquide 50ml;19.9;;OK;
;;Hook teach fruit du serpent fruit du dragon 50ml bobble;;06.E-liquide 50ml;18.41;;OK;
;;Héritage 1 Réserve 50ml;;06.E-liquide 50ml;18.81;;OK;
;;I Quit My Job Velvet Vape Maker 50ml;;06.E-liquide 50ml;;;Prix manquant;Prix de vente à renseigner.
;;Ice Cool Cactus Aloe Vera & Fruit du Dragon 50 ml;;06.E-liquide 50ml;19.9;;OK;
;;Ice Cool Cassis Citron 50ml;;06.E-liquide 50ml;14.93;;OK;
;;Ice cool Cassis Framboise Raisin;;06.E-liquide 50ml;19.9;;OK;
;;Ice Cool cassis framboise raisin 50ml;;06.E-liquide 50ml;19.9;;OK;
;;Ice Cool cassis mangue 50ml;;06.E-liquide 50ml;19.9;;OK;
;;Ice Cool Citron Pastèque 50ml;;06.E-liquide 50ml;14.93;;OK;
;;Ice Cool cocktail exotique 50ml;;06.E-liquide 50ml;19.9;;OK;
;;Ice Cool cola pomme 50ml;;06.E-liquide 50ml;19.9;;OK;
;;Ice Cool Extra Fruits Rouges 50ml;;06.E-liquide 50ml;16.58;;OK;
;;Ice Cool Fraise Framboise Basilic 50ml;;06.E-liquide 50ml;19.9;;OK;
;;Ice Cool Framboise Fraise des Bois 50ml;;06.E-liquide 50ml;19.9;;OK;
;;Ice Cool Fruit Du Dragon Fruits Rouges  50ml;;06.E-liquide 50ml;19.9;;OK;
;;Ice Cool fruit du soleil levant grenade 50ml;;06.E-liquide 50ml;19.9;;OK;
;;ICE COOL KIWI BANANE 50ML;;06.E-liquide 50ml;19.9;;OK;
;;Ice Cool Lychee Myrtille 50ml;;06.E-liquide 50ml;19.9;;OK;
;;Ice cool Mangue Passion 50ml;;06.E-liquide 50ml;18.24;;OK;
;;Ice Cool Mûre Framboise 50ml;;06.E-liquide 50ml;9.95;;OK;
;;Ice Cool Mûre Sauvage Violette 50ml;;06.E-liquide 50ml;19.9;;OK;
;;Ice Cool pasteque fruits rouges 50ml;;06.E-liquide 50ml;19.9;;OK;
;;ICE COOL Pitaya Framboise bleue 50ml;;06.E-liquide 50ml;13.27;;OK;
;;Ice Cool pomme vert orange 50ml;;06.E-liquide 50ml;19.9;;OK;
;;Ice Cool X 50 Ml CASSIS FRAMBOISE - liquidarom;;06.E-liquide 50ml;15.92;;OK;
;;Ice Cool X 50 Ml CITRON PASTEQUE - Liquidarom;;06.E-liquide 50ml;15.22;;OK;
;;Ice Cool X 50 Ml FRAMBOISE BLEU PITAYA - Liquidarom;;06.E-liquide 50ml;17.25;;OK;
;;Ice Cool X 50 Ml MIX FRUITS ROUGES - Liquidarom;;06.E-liquide 50ml;18.32;;OK;
;;Ice Cool X 50 Ml MURE FRAMBOISE - Liquidarom;;06.E-liquide 50ml;16.17;;OK;
;;Ionis - Vaporant - 50 ml;;06.E-liquide 50ml;8.92;;OK;
;;Ivy 50 Ml - Furiosa Eggz V2;;06.E-liquide 50ml;21.9;;OK;
;;Jack Vape Party Swoke 50ml;;06.E-liquide 50ml;20.9;;OK;
;;James cream  50ml - Péché Gourmand;;06.E-liquide 50ml;10.45;;OK;
;;James creme 50ml peche gourmand;;06.E-liquide 50ml;10.45;;OK;
;;Japura 50ml Amazone;;06.E-liquide 50ml;21.9;;OK;
;;Japura conquistador 50ml Amazone;;06.E-liquide 50ml;21.9;;OK;
;;Jaune De Joie 50ml La Cueillette De Louise;;06.E-liquide 50ml;10.95;;OK;
;;Jaune De Joie hiver 50ml La Cueillette De Louise;;06.E-liquide 50ml;21.9;;OK;
;;Jolie blonde liquideo;;06.E-liquide 50ml;18.33;;OK;
;;JOLIE BLONDE LIQUIDEO EVOLUTION 50ML 00MG;;06.E-liquide 50ml;18.97;0;OK;
;;Juno 50 Ml - Furiosa Eggz V2;;06.E-liquide 50ml;21.9;;OK;
;;Kaheli 50Ml Inspiration - E-Tasty;;06.E-liquide 50ml;21.9;;OK;
;;Kalio 50 ml - Bankiz by E.Tasty;;06.E-liquide 50ml;16.1;;OK;
;;Kalio extra frais 50 ml - Bankiz by E-Tasty;;06.E-liquide 50ml;20.9;;OK;
;;Kassaria 50ml - La pastèque cassis - Al-Kimiya;;06.E-liquide 50ml;20.9;;OK;
;;Kimiko 50ml - Hiro 66 by Juice 66;;06.E-liquide 50ml;19.85;;OK;
;;Kuix Bluerazz 50ml;;06.E-liquide 50ml;20.9;;OK;
;;Kuix Bubble gum pastèque 50ml;;06.E-liquide 50ml;20.9;;OK;
;;Kuix Cassis red fruits 50ml;;06.E-liquide 50ml;15.68;;OK;
;;Kuix Fruits rouges 50ml;;06.E-liquide 50ml;20.9;;OK;
;;Kuix Limonade citron vert 50ml;;06.E-liquide 50ml;15.68;;OK;
;;Kuix Raisin bubble gum 50ml;;06.E-liquide 50ml;13.93;;OK;
;;Kurayami 50ml MIV;;06.E-liquide 50ml;13.13;;OK;
;;Kyoto strom hanzo 50 ml;;06.E-liquide 50ml;21.9;;OK;
;;Kyoto strom inazami 50 ml;;06.E-liquide 50ml;21.9;;OK;
;;Kyoto strom musashi 50 ml;;06.E-liquide 50ml;21.9;;OK;
;;L'apprentie 50ml - All Vap's;;06.E-liquide 50ml;18.82;;OK;
;;L'ovalie la melee;;06.E-liquide 50ml;13.93;;OK;
;;L'ovalie la melee Airmust;;06.E-liquide 50ml;18.81;;OK;
;;L'ovalie la transformation 50ml airmust;;06.E-liquide 50ml;20.9;;OK;
;;L'ovalie le drop 50ml airmust;;06.E-liquide 50ml;20.9;;OK;
;;La cueillette de Louise Rouge d'embarras 50ml;;06.E-liquide 50ml;19.75;;OK;
;;La cuillère louise e.tasty rose d'euphorie;;06.E-liquide 50ml;;;Prix manquant;Prix de vente à renseigner.
;;La cuillères louise jaune de joie hiver;;06.E-liquide 50ml;21.9;;OK;
;;La framboise d enfer 50ml - Enfer;;06.E-liquide 50ml;20.62;;OK;
;;La Mystique Vaping Quest 50ml - Dosage nicotine : 00 mg;;06.E-liquide 50ml;19.9;;OK;
;;La peche d enfer 50ml - Enfer;;06.E-liquide 50ml;18.29;;OK;
;;Le Chocostar Les Collegues By Liquidarom 50ml;;06.E-liquide 50ml;19.9;;OK;
;;Le dragon d enfer 50ml - Enfer;;06.E-liquide 50ml;19.16;;OK;
;;Le Flambeur Les Collegues By Liquidarom 50ml;;06.E-liquide 50ml;19.9;;OK;
;;Le Funkie Les Collegues By Liquidarom 50ml;;06.E-liquide 50ml;19.9;;OK;
;;Le Ptit Blond 50ml Les Essentiels;;06.E-liquide 50ml;19.9;;OK;
;;LEMON LEMON'TIME ELIQUIDFRANCE 50ML 00MG;;06.E-liquide 50ml;9.95;;OK;
;LT50300;Lemon time lemon 50ml;LEMON'TIME;06.E-liquide 50ml;19.9;;OK;
;;Lemone time mango 50ml;;06.E-liquide 50ml;19.9;;OK;
;;Les 3 mousquet'air vorthos;;06.E-liquide 50ml;10.9;;OK;
;;Les 3 musquet'air althos;;06.E-liquide 50ml;10.9;;OK;
;;Les 3mousquet'air;;06.E-liquide 50ml;10.9;;OK;
;;les 4 saisons Pomme Grenade Mure Ete Protect 50ml;;06.E-liquide 50ml;20.9;;OK;
;;Les Collegues - Le chocostar - 50ml;;06.E-liquide 50ml;19.9;;OK;
;;Les collegues 50ml- LE CHARMEUR;;06.E-liquide 50ml;19.9;;OK;
;;Lime 0mg 50ml - The MDS Juice;;06.E-liquide 50ml;21.9;;OK;
;;Limonade FogZ;;06.E-liquide 50ml;19.9;;OK;
;;Linzor 50ml - Aromes & secrets;;06.E-liquide 50ml;20.9;;OK;
;;Liquideo Dragon fruits rouges 50 Ml - Dragonzz;;06.E-liquide 50ml;;;Prix manquant;Prix de vente à renseigner.
;;Liquideo Dragon Mangue Cassis 50 Ml - Dragonzz;;06.E-liquide 50ml;17.3;;OK;
;;Liquideo Dragon Myrtille Framboise 50 Ml - Dragonzz;;06.E-liquide 50ml;19.9;;OK;
;;Loly Yumy crazy lequin 50ml - E-tasty;;06.E-liquide 50ml;21.9;;OK;
;;Loly Yumy Dragy Pills 50ml - E-Tasty;;06.E-liquide 50ml;21.9;;OK;
;;Loly Yumy fraizy gaga 50 ML - E-Tasty;;06.E-liquide 50ml;21.9;;OK;
;;Loly Yumy funny jelly 50ml - E-Tasty;;06.E-liquide 50ml;21.9;;OK;
;;Magic potion inferno;;06.E-liquide 50ml;20.9;;OK;
;;Magic potion mortem;;06.E-liquide 50ml;20.9;;OK;
;;Magic potion noctis;;06.E-liquide 50ml;20.9;;OK;
;;Magic potion solaris;;06.E-liquide 50ml;20.9;;OK;
;;Maipo 50ml - Aromes & secrets;;06.E-liquide 50ml;16.72;;OK;
;;Mamita 50ml - cafe stout;;06.E-liquide 50ml;20.9;;OK;
;;Mamita 50ml - custard vanille pecan;;06.E-liquide 50ml;12.89;;OK;
;;Mamita 50ml cookie choco noisette;;06.E-liquide 50ml;10.45;;OK;
;;Maneki 50ml Kyoto Storm - Raneki Liquide;;06.E-liquide 50ml;21.9;;OK;
;;Mangue 50ml iceberg;;06.E-liquide 50ml;13.93;;OK;
;;Mangue Passion 50 ml - Vape City;;06.E-liquide 50ml;20.9;;OK;
;FRZM51000;Mangue passion 50ml - Fruizee Max;Fruizee MAX;06.E-liquide 50ml;18.44;;OK;
;;Master - Squid Juice - 50ml;;06.E-liquide 50ml;8.54;;OK;
;;Master Yob 50ml Smoke Wars - E Tasty;;06.E-liquide 50ml;21.9;;OK;
;;master yob smoke wars e-tasty;;06.E-liquide 50ml;;;Prix manquant;Prix de vente à renseigner.
;;Medusa black summer 50ml crazy labs;;06.E-liquide 50ml;21.9;;OK;
;;Medusa delicious 50ml crazy labs;;06.E-liquide 50ml;21.9;;OK;
;;Medusa enigma v2 50ml crazy labs;;06.E-liquide 50ml;21.9;;OK;
;;Medusa gold 50ml crazy labs;;06.E-liquide 50ml;21.9;;OK;
;;Medusa lime 50ml crazy labs;;06.E-liquide 50ml;21.9;;OK;
;;Medusa mistery 50ml crazy labs;;06.E-liquide 50ml;20.08;;OK;
;;Medusa mojito 50ml crazy labs;;06.E-liquide 50ml;21.9;;OK;
;;Medusa purple 50ml crazy labs;;06.E-liquide 50ml;18.25;;OK;
;;Medusa red wedding 50ml crazy labs;;06.E-liquide 50ml;18.77;;OK;
;;Medusa silver wing 50ml crazy labs;;06.E-liquide 50ml;20.22;;OK;
;FRZM51100;Menthe givree 50ml - Fruizee Max;Fruizee MAX;06.E-liquide 50ml;18.11;;OK;
;;Menthe glaciale 50 ml Iceberg;;06.E-liquide 50ml;16.72;;OK;
;;Menthe glaciale 50ml iceberg;;06.E-liquide 50ml;0.01;;OK;
;;mexican cartel 50 ML ananas fraise peche;;06.E-liquide 50ml;20.9;;OK;
;;mexican cartel 50 ML cactus citron corossol;;06.E-liquide 50ml;20.9;;OK;
;;mexican cartel 50 ML cassis framboise cactus;;06.E-liquide 50ml;20.9;;OK;
;;mexican cartel 50 ML fruit du dragon fraise mure;;06.E-liquide 50ml;11.93;;OK;
;;mexican cartel 50 ML fruits des bois fraise cassis;;06.E-liquide 50ml;18.58;;OK;
;;mexican cartel 50 ML fruits rouges cassis framboise;;06.E-liquide 50ml;20.9;;OK;
;;mexican cartel 50 ML gateau amandes vanille;;06.E-liquide 50ml;17.9;;OK;
;;mexican cartel 50 ML limonade citron vert cactus;;06.E-liquide 50ml;16.72;;OK;
;;mexican cartel 50 ML limonade fruit rouges bleuets;;06.E-liquide 50ml;17.9;;OK;
;;mexican cartel 50 ML passion citron vert cactus;;06.E-liquide 50ml;20.9;;OK;
;;mexican cartel 50 ML pasteque fraise kiwi;;06.E-liquide 50ml;20.9;;OK;
;;Mexican cartel ananas fraise peche 50ml;;06.E-liquide 50ml;20.9;;OK;
;;Mexican cartel cactus citron corossol 50ml;;06.E-liquide 50ml;20.9;;OK;
;;Mexican cartel fruit du dragon fraise mure 50ml;;06.E-liquide 50ml;13.93;;OK;
;;Mexican cartel fruits rouges cassis framboise 50ml;;06.E-liquide 50ml;13.24;;OK;
;;Mexican cartel gateau amande vanille 50ml;;06.E-liquide 50ml;20.9;;OK;
;;Mexican cartel limonade citron vert cactus 50ml;;06.E-liquide 50ml;20.9;;OK;
;;Mexican cartel limonade fruits rouges bleuets 50ml;;06.E-liquide 50ml;15.68;;OK;
;;Mexican cartel passion citron vert cactus 50ml;;06.E-liquide 50ml;13.93;;OK;
;;Mexican cartel pasteque fraise kiwi 50ml;;06.E-liquide 50ml;20.9;;OK;
;;Milky's 50ml FP;;06.E-liquide 50ml;19.9;;OK;
;;Mina 50ml - wanted - swoke;;06.E-liquide 50ml;19.9;;OK;
;;mint  50ml - Mintaia;;06.E-liquide 50ml;18.58;;OK;
;MT50200;mint et blackcurrant  50ml - Mintaia;MINTAIA;06.E-liquide 50ml;20.9;;OK;
;MT50300;Mint et dragon fruit 50ml - Mintaia;MINTAIA;06.E-liquide 50ml;17.42;;OK;
;MT50100;Mint et raspberry  50ml - Mintaia;MINTAIA;06.E-liquide 50ml;19.16;;OK;
;MT50600;Mint et strawberry 50ml - Mintaia;MINTAIA;06.E-liquide 50ml;14.63;;OK;
;;Mint Heist 50ml - Grand Taste City;;06.E-liquide 50ml;18.77;;OK;
;;Mintaia blackcurrant50 ml;;06.E-liquide 50ml;20.9;;OK;
;;Mintaia mint 50 ml;;06.E-liquide 50ml;22.9;;OK;
;;Mintaia mint dragons fruit 50 ml;;06.E-liquide 50ml;20.9;;OK;
;;Mintaia mint raspberry 50 ml;;06.E-liquide 50ml;20.9;;OK;
;MT50400;Mintaia pineapple 50 ml;MINTAIA;06.E-liquide 50ml;20.9;;OK;
;;MINTOO 50ml - les maxis malins;;06.E-liquide 50ml;21.9;;OK;
;;Miss blue fruit du dragon givre 50ml;;06.E-liquide 50ml;16.58;;OK;
;;Miss blue liquidarom;;06.E-liquide 50ml;19.9;;OK;
;;Miss fraisier  50ml - Péché Gourmand;;06.E-liquide 50ml;13.93;;OK;
;;Miss fraisier 50ml peche gourmand;;06.E-liquide 50ml;20.9;;OK;
;;mister  ice omg 50 ml - the MDS juice;;06.E-liquide 50ml;21.9;;OK;
;;mistery omg 50 ml - the MDS juice;;06.E-liquide 50ml;21.9;;OK;
;;Mistyk liquideo;;06.E-liquide 50ml;16.58;;OK;
;;Mixed Fruit 50ml Iceberg;;06.E-liquide 50ml;20.9;;OK;
;;mojito omg 50 ml - the MDS juice;;06.E-liquide 50ml;17.52;;OK;
;;Mure myrtille 50 ml Iceberg;;06.E-liquide 50ml;20.9;;OK;
;;Mure myrtille 50ml iceberg;;06.E-liquide 50ml;18.58;;OK;
;;Musashi 50ml Kyoto Storm - Raneki Liquide;;06.E-liquide 50ml;17.52;;OK;
;;Myrtille coco  50ml - Péché Gourmand;;06.E-liquide 50ml;20.9;;OK;
;;Myrtille coco 50ml peche gourmand;;06.E-liquide 50ml;10.45;;OK;
;;Myst Da Crusty King 50 Ml;;06.E-liquide 50ml;18.94;;OK;
;;Myst Da Good Snake 50 ml;;06.E-liquide 50ml;21.9;;OK;
;;Myst Da Sweety Face 50ml;;06.E-liquide 50ml;16.72;;OK;
;;Napela 50 Ml Inspiration - E-Tasty;;06.E-liquide 50ml;21.9;;OK;
;;napela inspiration e-tasty;;06.E-liquide 50ml;15.33;;OK;
;;Neon juice 50ml - cerise violette;;06.E-liquide 50ml;17.91;;OK;
;;Neon juice 50ml - framboise tropical;;06.E-liquide 50ml;18.81;;OK;
;;Neon juice 50ml - mure menthe verte;;06.E-liquide 50ml;20.9;;OK;
;;Neon juice 50ml - myrtille clementine;;06.E-liquide 50ml;20.9;;OK;
;;Nova - Vaporant - 50 ml;;06.E-liquide 50ml;10.9;;OK;
;;NOVA 50 Ml - Furiosa Eggz V2;;06.E-liquide 50ml;10.95;;OK;
;;Nova v2;;06.E-liquide 50ml;21.9;;OK;
;;Nutstorm overdrive;;06.E-liquide 50ml;20.9;;OK;
;;Nyxe - Arcvape - 50ml;;06.E-liquide 50ml;10.36;;OK;
;;Olymp aphrodite 50ml;;06.E-liquide 50ml;21.9;;OK;
;;Olymp hades 50 ml;;06.E-liquide 50ml;21.9;;OK;
;;Olymp poseidon 50 ml;;06.E-liquide 50ml;21.9;;OK;
;;Olymp zeus 50 ml;;06.E-liquide 50ml;21.9;;OK;
;;One taste bonbon carnaval 50ml - e-tasty;;06.E-liquide 50ml;21.9;;OK;
;;One taste cerise noire 50ml - e-tasty;;06.E-liquide 50ml;21.9;;OK;
;;One taste cerise noire e-tasty 50ml;;06.E-liquide 50ml;21.9;;OK;
;;One taste citron givre 50ml - e-tasty;;06.E-liquide 50ml;21.9;;OK;
;;One taste menthe fraiche 50ml - e-tasty;;06.E-liquide 50ml;21.9;;OK;
;;One taste united 50ml - e-tasty;;06.E-liquide 50ml;;;Prix manquant;Prix de vente à renseigner.
;;Opali 50 Ml Inspiration;;06.E-liquide 50ml;;;Prix manquant;Prix de vente à renseigner.
;;ORIGINAL FRESH 50ML POWER JUICE - FLAVOUR POWER;;06.E-liquide 50ml;20.9;;OK;
;;Original Fresh Power Juice Flavour Power 50ml;;06.E-liquide 50ml;15.68;;OK;
;;Paipai Saiyen Vapors 50ml Swoke;;06.E-liquide 50ml;19.9;;OK;
;;Paleta Score 50ml - Grand Taste City;;06.E-liquide 50ml;21.9;;OK;
;;Paradise grenade 50ml elikuid;;06.E-liquide 50ml;20.9;;OK;
;;Passion de rose - Red Valentine - 50ml;;06.E-liquide 50ml;10.9;;OK;
;;Pasteque fruits rouges icecool 50ml by liquidarom;;06.E-liquide 50ml;19.9;;OK;
;;Pasteque fruits rouges kiwi 50 ml - Vape City;;06.E-liquide 50ml;20.9;;OK;
;;Pastèque Fraise 50 ml - Vape City;;06.E-liquide 50ml;16.72;;OK;
;;Pastèque litchi 50ml - crazy juice;;06.E-liquide 50ml;21.9;;OK;
;;Peach sour 50ml - creative suite;;06.E-liquide 50ml;20.9;;OK;
;;Peach sour 50ml - creative suite by eliquide france;;06.E-liquide 50ml;10.45;;OK;
;FRZM50300;Peche framboise 50ml - Fruizee Max;Fruizee MAX;06.E-liquide 50ml;18.44;;OK;
;;Peche gourmand cerise fondante;;06.E-liquide 50ml;20.9;;OK;
;;Perico 50ml - Grand Taste City;;06.E-liquide 50ml;21.9;;OK;
;;Peïkø extra frais- BANKIZ E-TASTY 50ml;;06.E-liquide 50ml;20.9;;OK;
;;Pink Key Secret's Keys Secret's Lab 50ml 00mg;;06.E-liquide 50ml;20.9;;OK;
;;pink omg 50 ml - the MDS juice;;06.E-liquide 50ml;21.9;;OK;
;;Pink panda pandore;;06.E-liquide 50ml;20.9;;OK;
;;Pinky Pop T Juice 50ml;;06.E-liquide 50ml;19.9;;OK;
;;Pirate - Assassin's Vape - 50ml;;06.E-liquide 50ml;10.9;;OK;
;;Poire Abricot Fraise 50ml GlaGla;;06.E-liquide 50ml;20.9;;OK;
;;Poire Caramel  50ml - Péché Gourmand;;06.E-liquide 50ml;17.44;;OK;
;;Poire caramel 50ml peche gourmand;;06.E-liquide 50ml;20.9;;OK;
;;Pomme cannelle 50ml peche gourmand;;06.E-liquide 50ml;20.9;;OK;
;;Pomme Poire 50 ml Iceberg;;06.E-liquide 50ml;10.45;;OK;
;;Pomme poire 50ml iceberg;;06.E-liquide 50ml;20.9;;OK;
;;Pomme verte orange icecool 50ml by liquidarom;;06.E-liquide 50ml;9.95;;OK;
;;Popcorn caramel  50ml - Péché Gourmand;;06.E-liquide 50ml;17.84;;OK;
;;Popcorn caramel 50ml peche gourmand;;06.E-liquide 50ml;20.9;;OK;
;;Poseidon 50ml Olympe - Raneki Liquide;;06.E-liquide 50ml;21.9;;OK;
;;Prodigy grenade fraise kiwi;;06.E-liquide 50ml;20.9;;OK;
;;Prodigy mix berries;;06.E-liquide 50ml;20.73;;OK;
;;Prodigy pocket 50ml framboise pitaya;;06.E-liquide 50ml;12.54;;OK;
;;Prodigy pocket 50ml passion mangue;;06.E-liquide 50ml;20.9;;OK;
;;Protect Bonbon Framboise Violette 50ml;;06.E-liquide 50ml;20.27;;OK;
;;protect brasse abricot peche 50ml;;06.E-liquide 50ml;20.9;;OK;
;;protect duo de menthe fruits des bois 50ml;;06.E-liquide 50ml;20.9;;OK;
;;Protect la coccinelle menthe pastèque fraise;;06.E-liquide 50ml;20.9;;OK;
;;Protect la libellules limonade fruit du dragon;;06.E-liquide 50ml;20.9;;OK;
;;protect mangue ananas 50ml;;06.E-liquide 50ml;20.9;;OK;
;;protect nectarine fruit du dragon 50ml;;06.E-liquide 50ml;20.9;;OK;
;;protect peche litchi fruits rouges;;06.E-liquide 50ml;20.9;;OK;
;;protect pomme grenade mure 50ml;;06.E-liquide 50ml;10.45;;OK;
;;protect tarte au citron 50ml;;06.E-liquide 50ml;18.29;;OK;
;;protect tartelette poire caramel 50ml;;06.E-liquide 50ml;19.41;;OK;
;;Puffy 50ml - Wanted - swoke;;06.E-liquide 50ml;9.95;;OK;
;;Purple 50ML - ENFER;;06.E-liquide 50ml;10.45;;OK;
;;Pêche blanche Cerise 50 ml - Vape City;;06.E-liquide 50ml;15.68;;OK;
;;Ragnarok Ultimate A&L 50ml 00mg;;06.E-liquide 50ml;20.9;;OK;
;;Raiden 50ml MIV;;06.E-liquide 50ml;13.93;;OK;
;;Raisin bubble gum kuix 50 ml;;06.E-liquide 50ml;;;Prix manquant;Prix de vente à renseigner.
;;Raisin fraise 50 ml Iceberg;;06.E-liquide 50ml;20.9;;OK;
;;Raisin fraise 50ml iceberg;;06.E-liquide 50ml;13.93;;OK;
;;Raven Blue T Juice 50ml;;06.E-liquide 50ml;19.47;;OK;
;;Red 50ML - ENFER;;06.E-liquide 50ml;20.9;;OK;
;;Red Break 50 ml Yum e.bot;;06.E-liquide 50ml;20.9;;OK;
;;Red Devil By Avap 50ml 00mg;;06.E-liquide 50ml;17.14;;OK;
;LT50400;RED FRUIT LEMON'TIME ELIQUIDFRANCE 50ML 00MG;LEMON'TIME;06.E-liquide 50ml;19.9;;OK;
;;Red Valentine Etreinte Sauvage ( fruits Rouge, hibiscus );;06.E-liquide 50ml;10.9;;OK;
;;Red Valentine Passion de rose ( cranberry );;06.E-liquide 50ml;9.54;;OK;
;;Red Valentine Sang D'amour ( grenadine, grenade );;06.E-liquide 50ml;9.77;;OK;
;;red wedding omg 50 ml - the MDS juice;;06.E-liquide 50ml;21.9;;OK;
;;Redwood 50ml - Grand Taste City;;06.E-liquide 50ml;16.43;;OK;
;;Reserve heritage 1 50ml;;06.E-liquide 50ml;20.9;;OK;
;;Reseve heritage 2 50ml;;06.E-liquide 50ml;20.9;;OK;
;;Rock n roll bearcool;;06.E-liquide 50ml;10.9;;OK;
;;Rock n roll ozzy;;06.E-liquide 50ml;10.9;;OK;
;;Rock n roll ringo;;06.E-liquide 50ml;10.9;;OK;
;;Rock n roll skully;;06.E-liquide 50ml;10.9;;OK;
;;Rock n roll yoko;;06.E-liquide 50ml;10.9;;OK;
;;Rocket run66;;06.E-liquide 50ml;20.9;;OK;
;;Rose d'Euphorie 50ml La cueillette de louise;;06.E-liquide 50ml;21.9;;OK;
;;Rose d'Euphorie hiver 50ml La cueillette de louise;;06.E-liquide 50ml;21.9;;OK;
;;Rouge d'embarras 50ml La Cueillette De Louise;;06.E-liquide 50ml;19.16;;OK;
;;Rouge d'embarras hiver 50ml La Cueillette De Louise;;06.E-liquide 50ml;21.9;;OK;
;;Rubis d'amour 50ml La Cueillette De Louise;;06.E-liquide 50ml;21.9;;OK;
;;Rubis D'amour Hiver 50ml La Cueillette De Louise;;06.E-liquide 50ml;21.9;;OK;
;;Ryujin 50ml Kyoto Storm - Raneki Liquide;;06.E-liquide 50ml;18.25;;OK;
;;Saforia 50ml - Hiro 66 by Juice 66;;06.E-liquide 50ml;20.9;;OK;
;;Saforia hiro 66 50ml - juice 66 - vap air;;06.E-liquide 50ml;20.9;;OK;
;;Salted caramel shake 50ml - milky shake;;06.E-liquide 50ml;20.9;;OK;
;;Samourai - Assassin's Vape - 50ml;;06.E-liquide 50ml;10.9;;OK;
;;Sang d'amour - Red Valentine - 50ml;;06.E-liquide 50ml;10.9;;OK;
;;Serko extra frais 50 ml - Bankiz by E-Tasty;;06.E-liquide 50ml;14.14;;OK;
;;Siko 50ml -Bankiz- ETasty;;06.E-liquide 50ml;16.72;;OK;
;;Siko extra frais 50 ml - Bankiz by E-Tasty;;06.E-liquide 50ml;19.51;;OK;
;;Siko extra frais 50ml -Bankiz- ETasty;;06.E-liquide 50ml;20.9;;OK;
;;silver wing omg 50 ml - the MDS juice;;06.E-liquide 50ml;21.9;;OK;
;;Smily Candy 50ml Loly Yumy;;06.E-liquide 50ml;21.9;;OK;
;;Sorceress 50ml - Tribal Lords by Tribal Force;;06.E-liquide 50ml;19.9;;OK;
;;Square - Squid Juice - 50ml;;06.E-liquide 50ml;10.9;;OK;
;;Squid Juice 2-001 0mg 50ml;;06.E-liquide 50ml;20.9;;OK;
;;Squid Juice 2-456;;06.E-liquide 50ml;20.9;;OK;
;;Squid Juice 2-MASTER;;06.E-liquide 50ml;20.9;;OK;
;;Squid juice circle;;06.E-liquide 50ml;20.9;;OK;
;;Squid juice square;;06.E-liquide 50ml;20.9;;OK;
;LT50500;STRAWBERRY LEMON'TIME ELIQUIDFRANCE 50ML 00MG;LEMON'TIME;06.E-liquide 50ml;13.27;;OK;
;;Sukoni 50ml MIV;;06.E-liquide 50ml;20.9;;OK;
;;sunny omg 50 ml - the MDS juice;;06.E-liquide 50ml;20.8;;OK;
;;sweet&furious crème vanille amande coco whisky;;06.E-liquide 50ml;20.9;;OK;
;;T-Juice - Crumby crush 50ml;;06.E-liquide 50ml;19.9;;OK;
;;T-Juice - Dark enigma 50ml;;06.E-liquide 50ml;19.9;;OK;
;;T-Juice - Dragon energy 50ml;;06.E-liquide 50ml;19.9;;OK;
;;T-Juice - Lady daisy 50ml;;06.E-liquide 50ml;17.06;;OK;
;;T-Juice - Raven Blue 50ml;;06.E-liquide 50ml;17.91;;OK;
;;T-Juice - Sakura dream 50ml;;06.E-liquide 50ml;16.57;;OK;
;;Tarte Abricot 50ml Péché Gourmand;;06.E-liquide 50ml;12.89;;OK;
;;Tarte au citron  50ml - Péché Gourmand;;06.E-liquide 50ml;19.85;;OK;
;;Tarte au citron 50 ml;;06.E-liquide 50ml;20.8;;OK;
;;Tarte au citron 50ml peche gourmand;;06.E-liquide 50ml;16.09;;OK;
;;Tarte pecan  50ml - Péché Gourmand;;06.E-liquide 50ml;17.91;;OK;
;;Tartelette Poire Caramel Automne Protect 50ml;;06.E-liquide 50ml;20.9;;OK;
;;Teint de pêche 50ml La Cueillette De Louise;;06.E-liquide 50ml;14.6;;OK;
;;Teint De Pêche Hiver 50ml La Cueillette De Louise;;06.E-liquide 50ml;17.52;;OK;
;;Tendre rouge - Red Valentine - 50ml;;06.E-liquide 50ml;10.9;;OK;
;;Tenkai 50ml MIV;;06.E-liquide 50ml;20.9;;OK;
;;Teruna 50ml Kyoto Storm - Raneki Liquide;;06.E-liquide 50ml;21.9;;OK;
;;The Dragon Secret Garden Secrets Lab 50ml 00mg;;06.E-liquide 50ml;18.4;;OK;
;;The twin venon 50ml - Revenge Juices;;06.E-liquide 50ml;20.9;;OK;
;;Tiny Blue 50ml Loly Yumy;;06.E-liquide 50ml;21.9;;OK;
;;TJuice Icy Paradise 50ml;;06.E-liquide 50ml;15.75;;OK;
;;Triangle - Squid Juice - 50ml;;06.E-liquide 50ml;10.9;;OK;
;;Trio - Squid Juice - 50ml;;06.E-liquide 50ml;10.9;;OK;
;FRZM51200;Triple mangue 50ml - Fruizee Max;Fruizee MAX;06.E-liquide 50ml;16.72;;OK;
;;Tropical kuix 50 ml;;06.E-liquide 50ml;20.9;;OK;
;;Tropik fox pandore;;06.E-liquide 50ml;18.58;;OK;
;;TROPIKOO 50ml - les maxis malins;;06.E-liquide 50ml;21.9;;OK;
;;Tsuneko 50ml - Hiro 66 by Juice 66;;06.E-liquide 50ml;20.9;;OK;
;;Tutti Frutti Grenadine 50ml GlaGla;;06.E-liquide 50ml;19.16;;OK;
;;Ultimate Freeze 50ML - ENFER;;06.E-liquide 50ml;20.9;;OK;
;;Umami Koori anzu;;06.E-liquide 50ml;19.9;;OK;
;;Vai - Arcvape- 50ml;;06.E-liquide 50ml;10.06;;OK;
;;Valkyrie Ultimate A&L 50ml 00mg;;06.E-liquide 50ml;20.9;;OK;
;;VAPING QUEST - La Mystique 50ML;;06.E-liquide 50ml;19.9;;OK;
;;VAPING QUEST - Le barbare 50ml;;06.E-liquide 50ml;19.9;;OK;
;;VAPING QUEST - Le druide 50ml;;06.E-liquide 50ml;19.9;;OK;
;;vaporant furios;;06.E-liquide 50ml;10.77;;OK;
;;vaporant havoc;;06.E-liquide 50ml;9.71;;OK;
;;vaporant nova;;06.E-liquide 50ml;10.49;;OK;
;;vaporant zenerix;;06.E-liquide 50ml;9.92;;OK;
;;Vaptasty elastic cloud;;06.E-liquide 50ml;10.9;;OK;
;;Vaptasty flamme rush;;06.E-liquide 50ml;10.9;;OK;
;;Vaptasty invisivape;;06.E-liquide 50ml;10.9;;OK;
;;Vaptasty rock puff;;06.E-liquide 50ml;10.9;;OK;
;;Verdinger - Arcvape- 50ml;;06.E-liquide 50ml;10.9;;OK;
;;Vert de jalousie 50ml La Cueillette De Louise;;06.E-liquide 50ml;21.9;;OK;
;;Vert de jalousie hiver 50ml La Cueillette De Louise;;06.E-liquide 50ml;18.77;;OK;
;;Violette Myrtille Le Petit Verger Frais 50ml;;06.E-liquide 50ml;20.2;;OK;
;;virgo omg 50 ml - the MDS juice;;06.E-liquide 50ml;;;Prix manquant;Prix de vente à renseigner.
;;Volta 50 Ml - Furiosa Eggz V2;;06.E-liquide 50ml;;;Prix manquant;Prix de vente à renseigner.
;;White rabbit pandore;;06.E-liquide 50ml;10.45;;OK;
;;Wolf 50ml Blood;;06.E-liquide 50ml;20.9;;OK;
;;Yuji 50ml MIV;;06.E-liquide 50ml;11.93;;OK;
;;Yum e-bot red break 50ml by Cookin'cloud;;06.E-liquide 50ml;20.9;;OK;
;;Yum e.bot cola meca 50ml by cookin'cloud;;06.E-liquide 50ml;20.9;;OK;
;;Yuuma 50ml - Hiro 66 by Juice 66;;06.E-liquide 50ml;19.0;;OK;
;;Yuuma hiro 66 50ml - juice 66 - vap air;;06.E-liquide 50ml;20.9;;OK;
;;Zenerix - Vaporant - 50 ml;;06.E-liquide 50ml;9.54;;OK;
;;Zenku 50ml MIV;;06.E-liquide 50ml;20.9;;OK;
;;Zeus 50ml Olympe - Raneki Liquide;;06.E-liquide 50ml;18.25;;OK;
;;Bonbon Citron 60ml - Unik;;07.E-liquide 60ml;19.9;;OK;
;;bonbon Citron unik 60ml;;07.E-liquide 60ml;19.9;;OK;
;;Bonbon Cola 60ml - Unik;;07.E-liquide 60ml;19.9;;OK;
;;bonbon cola unik 60ml;;07.E-liquide 60ml;14.22;;OK;
;;Burnning blue - 60ml - PaperLand;;07.E-liquide 60ml;19.9;;OK;
;;Caribbean Gold - 60ml -society club;;07.E-liquide 60ml;16.58;;OK;
;;Cassis pasteque - fresh-60ml - Le primeur;;07.E-liquide 60ml;20.9;;OK;
;;Cerise groseille - fresh-60ml - Le primeur;;07.E-liquide 60ml;20.9;;OK;
;;Cerise intense 60ml - Unik;;07.E-liquide 60ml;18.57;;OK;
;;Ferox 60ml- ASPIK;;07.E-liquide 60ml;14.3;;OK;
;;Ferox 60ml- GRIZZ;;07.E-liquide 60ml;20.27;;OK;
;;Ferox 60ml- HIPPOX;;07.E-liquide 60ml;16.09;;OK;
;;Ferox 60ml- KONGA;;07.E-liquide 60ml;18.72;;OK;
;;Ferox 60ml- KRAK;;07.E-liquide 60ml;19.85;;OK;
;;Fraise sauvage 60ml - Unik;;07.E-liquide 60ml;15.92;;OK;
;;fraise sauvage unik 60ml;;07.E-liquide 60ml;19.9;;OK;
;;Framboise 60ml - Unik;;07.E-liquide 60ml;19.9;;OK;
;;Framboise Sunset Petit Nuage 60ml 00mg + Fiole Vide 30ml Graduee;;07.E-liquide 60ml;22.9;;OK;
;;Freox 60ml- HIPPOX;;07.E-liquide 60ml;20.9;;OK;
;;Fruits Rouges 60ml - Unik;;07.E-liquide 60ml;19.02;;OK;
;;fruits rouges unik 60ml;;07.E-liquide 60ml;19.9;;OK;
;;Kiwi banane - fresh-60ml - Le primeur;;07.E-liquide 60ml;20.9;;OK;
;;La cerise d enfer 50ml - Enfer;;07.E-liquide 60ml;19.86;;OK;
;;La melee 60ml - l'oalie;;07.E-liquide 60ml;17.36;;OK;
;;La transformation 60ml - l'oalie;;07.E-liquide 60ml;20.11;;OK;
;;Le primeur - framboise passion - Airmust;;07.E-liquide 60ml;20.9;;OK;
;;Le primeur - Melon Bubblegum - Airmust;;07.E-liquide 60ml;20.9;;OK;
;;Le primeur fresh - ananas passion - Airmust;;07.E-liquide 60ml;20.9;;OK;
;;Le primeur fresh - cassis mangue - Airmust;;07.E-liquide 60ml;20.9;;OK;
;;Le primeur fresh - cassis pasteque - Airmust;;07.E-liquide 60ml;20.9;;OK;
;;Le primeur fresh - kiwi banane - airmust;;07.E-liquide 60ml;20.9;;OK;
;;Le primeur fresh - pitaya framboise - Airmust;;07.E-liquide 60ml;;;Prix manquant;Prix de vente à renseigner.
;;Mangue 60ml - Unik;;07.E-liquide 60ml;15.92;;OK;
;;Maple leaf - 60ml - society club;;07.E-liquide 60ml;17.58;;OK;
;;maple leaf society club 60ml;;07.E-liquide 60ml;19.9;;OK;
;;Melon bubblegum 60ml - Le primeur;;07.E-liquide 60ml;20.9;;OK;
;;Menthe du jardin 60ml - Unik;;07.E-liquide 60ml;17.91;;OK;
;;menthe du jardin unik 60ml;;07.E-liquide 60ml;16.32;;OK;
;;Menthe glaciale 60ml - Unik;;07.E-liquide 60ml;19.9;;OK;
;;pasteque cassis juicy & fresh 60ml;;07.E-liquide 60ml;17.69;;OK;
;;pop-corn unik 60ml;;07.E-liquide 60ml;19.9;;OK;
;;pur passion unik 60ml;;07.E-liquide 60ml;19.9;;OK;
;;Pêche 60ml - Unik;;07.E-liquide 60ml;15.92;;OK;
;;Raisin Noir 60ml - Unik;;07.E-liquide 60ml;19.9;;OK;
;;Vanilla roasted - 60ml - society club;;07.E-liquide 60ml;18.57;;OK;
;;AIR MAX MUST - FRAISE KIWI 100ml;;09.E-liquide 100ml;22.41;;OK;
;;AIR MAX MUST - FRAMBOISE BLEU CERISE 100ml;;09.E-liquide 100ml;22.91;;OK;
;;AIR MAX MUST - PASTEQUE FRAICHE 100ml;;09.E-liquide 100ml;23.24;;OK;
;;Air Max Must pasteque fraiche - Airmust;;09.E-liquide 100ml;24.9;;OK;
;;Arathorn 0mg 100ml - Arômes & Secrets by Savourea;;09.E-liquide 100ml;;;Prix manquant;Prix de vente à renseigner.
;;Arathorn Aromes & Secrets Savourea 100ml;;09.E-liquide 100ml;24.9;;OK;
;;Artefact Kohana 100ml;;09.E-liquide 100ml;24.9;;OK;
;;Artefact Mitros 100ml;;09.E-liquide 100ml;19.9;;OK;
;;Artefact Oris 100ml;;09.E-liquide 100ml;24.9;;OK;
;;Artefact Proteus 100ml;;09.E-liquide 100ml;24.9;;OK;
;;Artefact Talok 100ml;;09.E-liquide 100ml;24.9;;OK;
;;Artefact Torstein 100ml;;09.E-liquide 100ml;24.9;;OK;
;;Assault Call Of Vape Cloud Vapor 100ml;;09.E-liquide 100ml;24.9;;OK;
;;Baki punch 100ml MIV Distrib;;09.E-liquide 100ml;24.9;;OK;
;;Baron Rouge L'INVAPABLE - 100ml - 0mg;;09.E-liquide 100ml;24.9;;OK;
;;Bloody Shigeri Fighter Fuel Maison Fuel 100ml;;09.E-liquide 100ml;24.9;;OK;
;;blue raspberry blueberry wars edition white rabbit;;09.E-liquide 100ml;24.9;;OK;
;;Blueberry Sky Sultan Cloud Le French Liquide Lips 100ml;;09.E-liquide 100ml;24.9;;OK;
;;Call of vape - assault 100ml;;09.E-liquide 100ml;24.37;;OK;
;;Call of vape - crimson 100ml;;09.E-liquide 100ml;24.85;;OK;
;;Call of vape - ghost 100ml;;09.E-liquide 100ml;24.9;;OK;
;;Call of vape - operator 100ml;;09.E-liquide 100ml;20.75;;OK;
;;Call of vape - prestige 100ml;;09.E-liquide 100ml;19.92;;OK;
;;Call of vape - scout 100ml;;09.E-liquide 100ml;24.9;;OK;
;;Call of vape - support 100ml;;09.E-liquide 100ml;24.9;;OK;
;;Call of vape - zombie 100ml;;09.E-liquide 100ml;24.9;;OK;
;;Cloud empire coco glacee 100ml Fuu;;09.E-liquide 100ml;22.69;;OK;
;;Cloud empire mangue 100ml Fuu;;09.E-liquide 100ml;24.9;;OK;
;;Cloud empire mystery 100ml Fuu;;09.E-liquide 100ml;24.9;;OK;
;;Cloud empire pasteque fraise 100ml Fuu;;09.E-liquide 100ml;24.9;;OK;
;;Cloud empire pomme 100ml Fuu;;09.E-liquide 100ml;24.9;;OK;
;;Cold 0mg 100ml - Icebreak by Juice 66;;09.E-liquide 100ml;24.9;;OK;
;;Crumby Crush T Juice 100ml;;09.E-liquide 100ml;24.9;;OK;
;;Crush - heros66;;09.E-liquide 100ml;24.9;;OK;
;;Dark Enigma 100ml T-juice;;09.E-liquide 100ml;24.9;;OK;
;;Dark Shigeri Fighter Fuel Maison Fuel 100ml;;09.E-liquide 100ml;24.9;;OK;
;;Dinos Fruit du dragon Violette & limonade 100 Ml by Vap Air;;09.E-liquide 100ml;24.9;;OK;
;;Dinos Papaye Fraise & Pêche 100 Ml by Vap Air;;09.E-liquide 100ml;24.9;;OK;
;;Dinos Red Dragon 100 Ml by Vap Air;;09.E-liquide 100ml;24.9;;OK;
;;Dollar chocolat blanc coco 100ml vap air;;09.E-liquide 100ml;24.9;;OK;
;;Dollar pastels de nata 100ml vap air;;09.E-liquide 100ml;24.9;;OK;
;;Dragon Energy 100ml T-juice;;09.E-liquide 100ml;24.9;;OK;
;;Dragon fire 100ml - Mortal Juice;;09.E-liquide 100ml;24.9;;OK;
;;Dragon Fire Mortal Juices 100ml;;09.E-liquide 100ml;24.9;;OK;
;;Eleven 0mg 100ml - Replay By Liquidarom;;09.E-liquide 100ml;24.4;;OK;
;;Elexir 100ml - Mortal Juice;;09.E-liquide 100ml;14.9;;OK;
;;Empire ramses 100ml juice 66;;09.E-liquide 100ml;24.9;;OK;
;;Etna Aromes & Secrets Savourea 100ml;;09.E-liquide 100ml;24.9;;OK;
;;Fashion Esteli 0mg 100ml - Arômes & Secrets by Savourea;;09.E-liquide 100ml;24.9;;OK;
;;Fixion archeon 100ml by millesime;;09.E-liquide 100ml;19.06;;OK;
;;Fixion lyrana 100ml by millesime;;09.E-liquide 100ml;19.06;;OK;
;;Fixion noctris 100ml by millesime;;09.E-liquide 100ml;24.9;;OK;
;;Fixion solara 100ml by millesime;;09.E-liquide 100ml;24.9;;OK;
;;Force noire force vape 100ml by swoke;;09.E-liquide 100ml;24.9;;OK;
;;Force Rouge Force Vape Swoke 100ml;;09.E-liquide 100ml;24.9;;OK;
;;Force vert force vape 100ml by swoke;;09.E-liquide 100ml;24.9;;OK;
;;Force violette force vape;;09.E-liquide 100ml;24.9;;OK;
;;Frost 0mg 100ml - Icebreak by Juice 66;;09.E-liquide 100ml;24.9;;OK;
;;Frost Warrior 100ml - Mortal Juice;;09.E-liquide 100ml;18.57;;OK;
;;Frost Warrior Mortal Juices 100ml - Extrapure;;09.E-liquide 100ml;24.9;;OK;
;;Fruity cool cassis fruits du serpent baie rouge;;09.E-liquide 100ml;24.9;;OK;
;;Fruity cool fraise mûre framboise myrtille;;09.E-liquide 100ml;24.9;;OK;
;;Fruity cool grenadine fraise framboise bleue;;09.E-liquide 100ml;24.9;;OK;
;;Fruity cool kiwi banane ananas;;09.E-liquide 100ml;12.45;;OK;
;;Fruity cool pomme cerise;;09.E-liquide 100ml;24.9;;OK;
;;Fruity Fury Sultan Cloud Le French Liquide Lips 100ml;;09.E-liquide 100ml;24.9;;OK;
;;Godji 100ml MIV Distib;;09.E-liquide 100ml;24.9;;OK;
;;Harry 0mg 100ml - Replay By Liquidarom;;09.E-liquide 100ml;24.9;;OK;
;;HEISENBERG KONCEPT VAMPIRE VAPE 100ML;;09.E-liquide 100ml;22.4;;OK;
;;Hollywood haze 100ml - Mortal Juice;;09.E-liquide 100ml;16.57;;OK;
;;Hyper Dragon L'INVAPABLE - 100ml - 0mg;;09.E-liquide 100ml;24.9;;OK;
;;Illusin 100ml- ZEPHYR;;09.E-liquide 100ml;24.9;;OK;
;;Illusion 100ml- ASTRA;;09.E-liquide 100ml;22.13;;OK;
;;Illusion 100ml- BRASSOR;;09.E-liquide 100ml;24.9;;OK;
;;Illusion 100ml- IGNIS;;09.E-liquide 100ml;24.9;;OK;
;;Illusion 100ml- ORION;;09.E-liquide 100ml;24.9;;OK;
;;Illusion 100ml- ZEPHYR;;09.E-liquide 100ml;24.9;;OK;
;;Inferno 100ml - Mortal Juice;;09.E-liquide 100ml;14.91;;OK;
;;Inferno Mortal Juices Extrapure 100ml;;09.E-liquide 100ml;24.9;;OK;
;;Ivar - empire;;09.E-liquide 100ml;24.9;;OK;
;;Joueur 01 0mg 100ml - Replay By Liquidarom;;09.E-liquide 100ml;24.9;;OK;
;;JUICE 66 - L'INDIAN 100ml;;09.E-liquide 100ml;24.9;;OK;
;;Juice 66 cherry raspberry 100ml Paradise;;09.E-liquide 100ml;24.9;;OK;
;;Juice 66 ice;;09.E-liquide 100ml;24.9;;OK;
;;Juice 66 paradise pineaple satsuma;;09.E-liquide 100ml;24.9;;OK;
;;Juice 66 strawberry raspberry peach 100ml Paradise;;09.E-liquide 100ml;24.9;;OK;
;;Kuroko Fighter Fuel 100ml 00mg;;09.E-liquide 100ml;24.9;;OK;
;;Lady Daisy 100ml T-juice;;09.E-liquide 100ml;24.9;;OK;
;;Le Mage Vaping Quest 100ml;;09.E-liquide 100ml;24.9;;OK;
;;Letters A;;09.E-liquide 100ml;24.9;;OK;
;;Letters B;;09.E-liquide 100ml;24.9;;OK;
;;Letters C;;09.E-liquide 100ml;24.9;;OK;
;;Linzor 0mg 100ml - Arômes & Secrets by Savourea;;09.E-liquide 100ml;24.9;;OK;
;;L’Aventurier 0mg 100ml - Replay By Liquidarom;;09.E-liquide 100ml;24.9;;OK;
;;Maipo Aromes & Secrets Savourea 100ml;;09.E-liquide 100ml;24.9;;OK;
;;Mawashi Fighter Fuel 100ml 00mg;;09.E-liquide 100ml;24.9;;OK;
;;Maïpo 0mg 100ml - Arômes & Secrets by Savourea;;09.E-liquide 100ml;24.9;;OK;
;;Mercredi 0mg 100ml - Replay By Liquidarom;;09.E-liquide 100ml;24.9;;OK;
;;MIV Distrib - Baki Punch 100ml;;09.E-liquide 100ml;24.9;;OK;
;;MIV Distrib - Black Hole 100ml;;09.E-liquide 100ml;18.68;;OK;
;;MIV Distrib - Demon Fizz 100ml;;09.E-liquide 100ml;24.51;;OK;
;;MIV Distrib - Godji 100ml;;09.E-liquide 100ml;24.9;;OK;
;;MIV Distrib - Kurayami 100ml;;09.E-liquide 100ml;23.33;;OK;
;;MIV Distrib - Raiden 100ml;;09.E-liquide 100ml;24.9;;OK;
;;MIV Distrib - Satoru 100ml;;09.E-liquide 100ml;24.9;;OK;
;;MIV Distrib - Sukoni 100ml;;09.E-liquide 100ml;24.9;;OK;
;;MIV Distrib - Tengen 100ml;;09.E-liquide 100ml;24.9;;OK;
;;MIV Distrib - Tenkai 100ml;;09.E-liquide 100ml;23.34;;OK;
;;MIV Distrib - Venox 100ml;;09.E-liquide 100ml;24.9;;OK;
;;MIV Distrib - Yuji 100ml;;09.E-liquide 100ml;24.9;;OK;
;;Noctris 100ml Fixion;;09.E-liquide 100ml;21.57;;OK;
;;numbers 02 100ml e-tasty;;09.E-liquide 100ml;24.9;;OK;
;;numbers 06 100ml e-tasty;;09.E-liquide 100ml;23.66;;OK;
;;numbers 07 100ml e-tasty;;09.E-liquide 100ml;23.66;;OK;
;;numbers 09 100ml e-tasty;;09.E-liquide 100ml;24.9;;OK;
;;Numbers 10 100ml;;09.E-liquide 100ml;18.68;;OK;
;;Numbers 11 100ml;;09.E-liquide 100ml;24.9;;OK;
;;numbers 11 100ml e-tasty;;09.E-liquide 100ml;24.9;;OK;
;;Numbers 2 100ml;;09.E-liquide 100ml;24.9;;OK;
;;Numbers 3 100ml;;09.E-liquide 100ml;24.9;;OK;
;;Numbers 4 100ml;;09.E-liquide 100ml;23.34;;OK;
;;Numbers 5 100ml;;09.E-liquide 100ml;24.9;;OK;
;;Numbers 7 100ml;;09.E-liquide 100ml;24.9;;OK;
;;Numbers 8 100ml;;09.E-liquide 100ml;23.24;;OK;
;;Numbers 9 100ml;;09.E-liquide 100ml;24.9;;OK;
;;PINKMAN KONCEPT VAMPIRE VAPE 100ML;;09.E-liquide 100ml;14.9;;OK;
;;Purple dizzle 100ml - Mortal Juice;;09.E-liquide 100ml;24.9;;OK;
;;Purple Dizzle Mortal Juices Extrapure 100ml;;09.E-liquide 100ml;24.9;;OK;
;;Raven Blue 100ml T-juice;;09.E-liquide 100ml;23.23;;OK;
;;Red devil 100ml - avap;;09.E-liquide 100ml;23.46;;OK;
;;Rouge d'embarras edition limite 100ml La Cueillette De Louise;;09.E-liquide 100ml;24.9;;OK;
;;Rush 0mg 100ml - Icebreak By Juice 66;;09.E-liquide 100ml;24.9;;OK;
;;Sacha 0mg 100ml - Replay By Liquidarom;;09.E-liquide 100ml;24.9;;OK;
;;Seiryuto Fighter Fuel 100ml 00mg;;09.E-liquide 100ml;24.9;;OK;
;;Shaken Fighter Fuel 100ml 00mg;;09.E-liquide 100ml;24.9;;OK;
;;Shigeri Fighter Fuel 100ml 00mg;;09.E-liquide 100ml;24.9;;OK;
;;Shogun 0mg 100ml - Empire By Juice 66;;09.E-liquide 100ml;24.9;;OK;
;;Silver wing 100ml - Medusa - MDS Juice;;09.E-liquide 100ml;24.9;;OK;
;;Sky 0mg 100ml - Icebreak By Juice 66;;09.E-liquide 100ml;24.9;;OK;
;;Snow 0mg 100ml - Icebreak By Juice 66;;09.E-liquide 100ml;24.9;;OK;
;;Snow 100ml - icebreak vap air;;09.E-liquide 100ml;24.9;;OK;
;;Support Call Of Vape Cloud Vapor 100ml;;09.E-liquide 100ml;24.9;;OK;
;;Tarkatan Mortal Juices Extrapure 100ml;;09.E-liquide 100ml;24.9;;OK;
;;Tartakan 100ml - Mortal Juice;;09.E-liquide 100ml;14.91;;OK;
;;Tengen 100ml MIV Distrib;;09.E-liquide 100ml;24.9;;OK;
;;The Mds Juice Silver Wing 00mg 100ml;;09.E-liquide 100ml;24.9;;OK;
;;Thunder cloud 100ml - Mortal Juice;;09.E-liquide 100ml;9.93;;OK;
;;Tokyo 0mg 100ml - Replay By Liquidarom;;09.E-liquide 100ml;24.9;;OK;
;;Triple dragon 100ml - fruit du dragon energy drink;;09.E-liquide 100ml;24.9;;OK;
;;Truck 0mg 100ml - Icebreak By Juice 66;;09.E-liquide 100ml;16.6;;OK;
;;Truck 100ml - icebreak vap air;;09.E-liquide 100ml;24.9;;OK;
;;Ultra Fraise L'INVAPABLE - 100ml - 0mg;;09.E-liquide 100ml;24.9;;OK;
;;Uraken Fighter Fuel 100ml 00mg;;09.E-liquide 100ml;24.9;;OK;
;;Vape Institut – Le Maudit 100ml;;09.E-liquide 100ml;24.9;;OK;
;;VAPING QUEST - Le Mage 100ML;;09.E-liquide 100ml;24.9;;OK;
;;VAPING QUEST - Le Nain 100ML;;09.E-liquide 100ml;24.9;;OK;
;;VAPING QUEST - Le Paladin 100ML;;09.E-liquide 100ml;24.9;;OK;
;;Venom 100ml - Juice;;09.E-liquide 100ml;14.9;;OK;
;;Venox 100ml MIV Distrib;;09.E-liquide 100ml;24.28;;OK;
;;Yuko Fighter Fuel X Enfer 100ml;;09.E-liquide 100ml;24.9;;OK;
;;Zakary Fighter Fuel Maison Fuel 100ml;;09.E-liquide 100ml;24.9;;OK;
;;Al-kimiya Love Philter 200ml Limited Edition;;10.E-liquide 200ml;49.9;;OK;
;;Blue hopper 200ml airmust;;10.E-liquide 200ml;38.17;;OK;
;;Cassis mure frais Blue hopper 200ml;;10.E-liquide 200ml;40.9;;OK;
;;Greensound 200ml - Hopper;;10.E-liquide 200ml;40.9;;OK;
;;JUICE 66 - RATZ ROD 200ML RESERVE EDITION;;10.E-liquide 200ml;40.9;;OK;
;;Purplenuclear 200ml - Hopper;;10.E-liquide 200ml;40.9;;OK;
;;Redfire 200ml - Hopper;;10.E-liquide 200ml;40.9;;OK;
;;Starter pack huallaga e tasty;;10.E-liquide 200ml;32.9;;OK;
;;Starter pack rouge d'embarras;;10.E-liquide 200ml;32.9;;OK;
;;Starter pack yosh e tasty;;10.E-liquide 200ml;40.9;;OK;
;;A&L Kami Zero Sweet Edition Concentré 30ml;;11.Concentré;15.6;;OK;
;;A&l Oni Sweet Edition Concentré 30ml;;11.Concentré;15.6;;OK;
;;A&l Ragnarok green Edition Concentré 30ml;;11.Concentré;9.36;;OK;
;;A&L Ragnarok Sweet Edition Concentré 30ml;;11.Concentré;15.6;;OK;
;;A&L Ragnarok Zero Sweet Edition concentré 30ml;;11.Concentré;15.6;;OK;
;;ABSOLUTE AROMA - 7UP MOJITO;;11.Concentré;15.6;;OK;
;;ABSOLUTE AROMA - APPLE LEMON;;11.Concentré;15.6;;OK;
;;ABSOLUTE AROMA -DOUBLE STRAWBERRY;;11.Concentré;15.6;;OK;
;;Alfa fraise;;11.Concentré;15.7;;OK;
;;Alfa framboise;;11.Concentré;15.7;;OK;
;;Alfa fruit rouge;;11.Concentré;15.7;;OK;
;;Arathorn concentré 30ml - aromes & secrets;;11.Concentré;15.6;;OK;
;;Assault - call of vape concentré 30ml;;11.Concentré;15.21;;OK;
;;Assault Concentre Call Of Vape Cloud Vapor 30ml;;11.Concentré;15.08;4;OK;
;;Baru concentré 30ml - aromes & secrets;;11.Concentré;15.6;;OK;
;;bonnie concentré liquidarome 30ml;;11.Concentré;15.6;;OK;
;;Call off ghost concentré;;11.Concentré;15.6;;OK;
;;Call off ghost concentré 30ml;;11.Concentré;12.97;;OK;
;;Concentre Baki punch 30ml MIV;;11.Concentré;15.6;;OK;
;;Concentre black hole 30ml MIV;;11.Concentré;15.6;;OK;
;;Concentre Demon fizz 30ml MIV;;11.Concentré;15.6;;OK;
;;Concentre Enfer Original 30ml - ENFER;;11.Concentré;15.6;;OK;
;;Concentre Enfer Purple 30ml - ENFER;;11.Concentré;15.6;;OK;
;;Concentre Godji 30ml MIV;;11.Concentré;15.6;;OK;
;;Concentre medusa beast crazy labs;;11.Concentré;15.6;;OK;
;;Concentre medusa dark rainbow crazy labs;;11.Concentré;15.6;;OK;
;;Concentre medusa draco crazy labs;;11.Concentré;15.6;;OK;
;;Concentre medusa enigma crazy labs;;11.Concentré;10.62;;OK;
;;Concentre medusa enigma v2 crazy labs;;11.Concentré;15.6;;OK;
;;Concentre medusa green crazy labs;;11.Concentré;13.62;;OK;
;;Concentre medusa lime crazy labs;;11.Concentré;15.6;;OK;
;;Concentre medusa mistery crazy labs;;11.Concentré;15.6;;OK;
;;Concentre medusa mistery ice crazy labs;;11.Concentré;15.6;;OK;
;;Concentre medusa mojito crazy labs;;11.Concentré;15.6;;OK;
;;Concentre medusa pink crazy labs;;11.Concentré;15.6;;OK;
;;Concentre medusa purple crazy labs;;11.Concentré;15.6;;OK;
;;Concentre medusa red wedding crazy labs;;11.Concentré;15.6;;OK;
;;Concentre medusa sunburst crazy labs;;11.Concentré;15.6;;OK;
;;Concentre medusa sunny crazy labs;;11.Concentré;15.6;;OK;
;;Concentre medusa velvet crazy labs;;11.Concentré;15.6;;OK;
;;Concentre medusa virgo crazy labs;;11.Concentré;15.6;;OK;
;;Concentre Satoru 30ml MIV;;11.Concentré;15.9;;OK;
;;Concentré Numbers2 30ml - e-TASTY;;11.Concentré;15.6;;OK;
;;Concentré Numbers8 30ml - e-TASTY;;11.Concentré;15.6;;OK;
;;Concentré prestige;;11.Concentré;15.6;;OK;
;;Dark Enigma Concentre T Juice 30ml;;11.Concentré;15.6;;OK;
;;Deep sea concentre 30ml - full moon;;11.Concentré;15.6;;OK;
;;Dragon Energy Concentre T Juice 30ml;;11.Concentré;15.6;;OK;
;;Enfer original concentre 30ml - vape 47;;11.Concentré;15.6;;OK;
;;Esteli concentré 30ml - aromes & secrets;;11.Concentré;15.6;;OK;
;;Etna concentré 30ml - aromes & secrets;;11.Concentré;15.6;;OK;
;;Force jaune concentré Swoke 30ml;;11.Concentré;15.6;;OK;
;;full moon hypnose;;11.Concentré;15.6;;OK;
;;Full moon purple;;11.Concentré;15.6;;OK;
;;Ghost - call of vape concentré 30ml;;11.Concentré;13.61;;OK;
;;Icy Paradise Concentre T Juice 30ml;;11.Concentré;15.6;0;OK;
;;Lady Daisy Concentre T Juice 30ml;;11.Concentré;15.6;0;OK;
;;Le ratz rod concentré vape air 30ml;;11.Concentré;15.6;;OK;
;;Linzor concentré 30ml - aromes & secrets;;11.Concentré;15.6;;OK;
;;Maipo concentré 30ml - aromes & secrets;;11.Concentré;15.6;;OK;
;;MDS - concentré MISTERY 30ML;;11.Concentré;15.6;;OK;
;;MDS -concentré Black summer 30ml;;11.Concentré;15.6;;OK;
;;MDS -concentré BLUE 30ML;;11.Concentré;15.6;;OK;
;;MDS -concentré Dark rainbow 30ml;;11.Concentré;15.6;;OK;
;;MDS -concentré Enigma 30ml;;11.Concentré;15.6;;OK;
;;MDS -concentré Gold 30ml;;11.Concentré;15.6;;OK;
;;MDS -concentré GREEN 30ML;;11.Concentré;15.6;;OK;
;;MDS -concentré Mistery ice 30ml;;11.Concentré;11.7;;OK;
;;MDS -concentré Mojito 30ml;;11.Concentré;15.6;;OK;
;;MDS -concentré Pink 30ml;;11.Concentré;7.8;;OK;
;;MDS -concentré SUNNY 30ML;;11.Concentré;15.6;;OK;
;;MDS -concentré VIRGO 30ML;;11.Concentré;15.6;;OK;
;;Milos concentré 30ml - aromes & secrets;;11.Concentré;15.6;;OK;
;;Oni Green Edition Concentré Ultimate A&L 30ml;;11.Concentré;15.6;;OK;
;;Oni Zero Sweet Edition Concentré Ultimate A&L 30ml;;11.Concentré;15.6;;OK;
;;Prestige - call of vape concentré 30ml;;11.Concentré;10.4;;OK;
;;Prestige concentre call of vape 30ml;;11.Concentré;10.67;;OK;
;;Purple concentre 30ml - Full Moon;;11.Concentré;13.0;;OK;
;;Raven Blue Concentre T Juice 30ml;;11.Concentré;15.6;;OK;
;;Scout - call of vape concentré 30ml;;11.Concentré;15.6;;OK;
;;Support - call of vape concentré 30ml;;11.Concentré;15.6;;OK;
;;Support Concentre Call Of Vape Cloud Vapor 30ml;;11.Concentré;15.6;;OK;
;;T-Juice Concentré Crumby crush 30 Ml;;11.Concentré;15.6;;OK;
;;T-Juice Concentré Dark enigma 30 Ml;;11.Concentré;15.6;;OK;
;;T-Juice Concentré Dragon energy 30 Ml;;11.Concentré;15.6;;OK;
;;T-Juice Concentré Icy paradise 30 Ml;;11.Concentré;11.7;;OK;
;;T-Juice Concentré Lady daisy 30 Ml;;11.Concentré;15.6;;OK;
;;T-Juice Concentré Red Astaire 30 Ml;;11.Concentré;15.6;;OK;
;;Valkyrie Green Edition Concentré Ultimate A&L 30ml;;11.Concentré;15.6;;OK;
;;Zombie - call of vape concentré 30ml;;11.Concentré;14.82;;OK;
;;Zombie Concentre Call Of Vape Cloud Vapor 30ml;;11.Concentré;14.43;;OK;
;;Batterie Tappo Air Limited Edition 2024 Lost Mary;;12.Pod;6.9;;OK;
;;Batterie Tappo Air Lost Mary;;12.Pod;6.78;;OK;
;;Kangertech - Kanger EVO Pod - Noir;;12.Pod;20.9;;OK;
;;Kit Découverte Tappo Air 20mg Lost Mary - Purple / Fraise Framboise;;12.Pod;11.9;;OK;
;;Kit Solobar 2400 4en1 (+ Pod 2ml 20mg) Purple;;12.Pod;29.53;;OK;
;;Lost Mary - Tappo air - Blue Green;;12.Pod;6.9;;OK;
;;Lost Mary - Tappo air - Silver;;12.Pod;6.9;;OK;
;;Solobar 2400 - bleu;;12.Pod;29.9;;OK;
;;Solobar 2400 - violet;;12.Pod;29.9;;OK;
;;Trine Kit Gold-Pink;;12.Pod;32.2;;OK;
;;Trine Kit Purple-blue;;12.Pod;33.9;;OK;
;;Trine Kit Solor Red;;12.Pod;16.95;;OK;
;;Lost Mary  Pomme pêche 2ml Omg;;13.RECHARGE POD;6.0;;OK;
;;Lost Mary Cartouche Tappo Cola 2ml - 10mg;;13.RECHARGE POD;6.0;;OK;
;;Lost Mary Cartouche Tappo Fruits rouges 2ml - 10mg;;13.RECHARGE POD;6.0;;OK;
;;Lost Mary Cartouche Tappo Passion kiwi goyave 2ml - 20mg;;13.RECHARGE POD;6.0;;OK;
;;Lost Mary Cartouche Tappo Pomme Pêche 2ml - 10mg;;13.RECHARGE POD;6.0;;OK;
;;Lost Mary Cola Cartouche 2ml Omg;;13.RECHARGE POD;6.0;;OK;
;;Lost Mary Fraise Glacée Cartouche 2ml Omg;;13.RECHARGE POD;6.0;;OK;
;;Lost Mary Fraise Kiwi Cartouche 2ml Omg;;13.RECHARGE POD;6.0;;OK;
;;Lost Mary Framboise Pastèque Cartouche 2ml Omg;;13.RECHARGE POD;6.0;;OK;
;;Lost Mary Fruits Rouges Cartouche 2ml Omg;;13.RECHARGE POD;6.0;;OK;
;;Lost Mary Fruits Tropicaux Cartouche 2 ml;;13.RECHARGE POD;6.0;;OK;
;;Lost Mary Menthe Verte Cartouche 2ml 0mg;;13.RECHARGE POD;6.0;;OK;
;;Lost Mary Myrtille Framboise Acidulées Cartouche 2ml Omg;;13.RECHARGE POD;6.0;;OK;
;;Lost Mary Pastèque Cartouche 2ml Omg;;13.RECHARGE POD;6.0;;OK;
;;Lost Mary Pêche glacée Cartouche 2ml Omg;;13.RECHARGE POD;6.0;;OK;
;;Nexi One recharge pod - Virginia - Boite de 3;;13.RECHARGE POD;10.9;;OK;
;;Pack de 2 Pods Solobar 2400 2ml 20mg;;13.RECHARGE POD;11.89;;OK;
;;Pod nexi one classic verginia;;13.RECHARGE POD;10.9;;OK;
;;Pod Tappo 2ml 00mg Lost Mary;;13.RECHARGE POD;6.0;;OK;
;;Pod Tappo 2ml 10mg Lost Mary;;13.RECHARGE POD;5.96;;OK;
;;Pods Solobar 2400 2ml 20mg (recharge);;13.RECHARGE POD;6.0;;OK;
;;Solobar - Blue raspberry ice;;13.RECHARGE POD;6.0;;OK;
;;Solobar - Blue razz cherry;;13.RECHARGE POD;6.0;;OK;
;;Solobar - Peach mango ice;;13.RECHARGE POD;6.0;;OK;
;;Solobar - Pineapple ice;;13.RECHARGE POD;6.0;;OK;
;;Solobar - Rainbow lemonade;;13.RECHARGE POD;6.0;;OK;
;;Solobar - Solo Berry;;13.RECHARGE POD;6.0;;OK;
;;Solobar - Strawberry watermelon;;13.RECHARGE POD;6.0;;OK;
;;ASPIRE 0.15 BP MESH;;14.Resistances;3.7;;OK;
;;ASPIRE 0.4;;14.Resistances;3.2;;OK;
;;Aspire 0.6 pockeX;;14.Resistances;3.05;;OK;
;;Aspire BP Head 0,15 Ohm;;14.Resistances;2.48;;OK;
;;Aspire BVC Coils;;14.Resistances;2.48;;OK;
;;Aspire Coils Nautilus X / PockeX Coil;;14.Resistances;2.54;;OK;
;;B Aegis Boost 0.2 ohm : 50-58W;;14.Resistances;3.71;;OK;
;;B Aegis Boost 0.2 ohm : 50-58W - geekvape;;14.Resistances;3.8;;OK;
;;BD Vape BDC - 0,15ohm;;14.Resistances;2.84;;OK;
;;BD Vape BDC - 0,2ohm;;14.Resistances;2.93;;OK;
;;BD Vape BDC - 0,4ohm;;14.Resistances;3.05;;OK;
;;BD Vape BDC - Žhavící Hlava - 0,4ohm;;14.Resistances;3.5;;OK;
;;Bdc 0,4 bd vape;;14.Resistances;3.5;;OK;
;;BDC 0.15 BD VAPE;;14.Resistances;3.21;;OK;
;;BDC v2 0.15ohm bd vape;;14.Resistances;3.31;;OK;
;;Bp coil 0.17ohm recommandée entre 45 et 55w aspire;;14.Resistances;2.79;;OK;
;;Cosmo coil 0.7 ohm vaptio;;14.Resistances;3.9;;OK;
;;Dual Meshed 0.15ohm TFV18 Smok;;14.Resistances;4.1;;OK;
;;ELEAF 0.5;;14.Resistances;3.2;;OK;
;;Eleaf GS Air Coil 1.5 Ohm;;14.Resistances;2.67;;OK;
;;Fumytech ftc 0.15 ohm;;14.Resistances;3.2;;OK;
;;Fumytech ftc 0.2 ohm;;14.Resistances;3.2;;OK;
;;Fumytech ftc 0.3 ohm;;14.Resistances;3.2;;OK;
;;Fumytech Resistance - Ftc  - 0,15 Ohm;;14.Resistances;2.56;;OK;
;;Fumytech Resistance - Ftc  - 0,3 Ohm;;14.Resistances;3.2;;OK;
;;Fumytech Resistance - Ftc  - 0,4 Ohm;;14.Resistances;2.38;;OK;
;;Geek Vape M Series Coil 5ct;;14.Resistances;3.28;;OK;
;;Geek Vape P Series Replacement Coils 0.2 Mesh Coil;;14.Resistances;2.92;;OK;
;;Geek Vape P0.4 0.4ohm Mesh Coil 50-60w;;14.Resistances;3.2;;OK;
;;Geek Vape Zeus Coils 0.2 OHM;;14.Resistances;3.25;;OK;
;;Geekvape 0.6 J Coil;;14.Resistances;3.28;;OK;
;;GeekVape B Series  0,4 Ohm;;14.Resistances;3.04;;OK;
;;GeekVape B Series 0,3 Ohm;;14.Resistances;3.04;;OK;
;;GeekVape B Series 0,6 Ohm;;14.Resistances;3.8;;OK;
;;Geekvape B Series Coils;;14.Resistances;3.08;;OK;
;;Geekvape j coil 0.6 mesh;;14.Resistances;4.1;;OK;
;;geekvape j coil mesh 0.4;;14.Resistances;3.82;;OK;
;;Geekvape J Series Coil 5ct;;14.Resistances;3.43;;OK;
;;GeekVape M Series Quad Coil 0.15ohm 5pk;;14.Resistances;3.4;;OK;
;;Geekvape Z 0.25 Dual Coil;;14.Resistances;3.42;;OK;
;;Geekvape Z Series Coil Z 0.15ohm XM;;14.Resistances;3.37;;OK;
;;Geekvape Z Series Coil Z 0.2ohm;;14.Resistances;3.28;;OK;
;;Geekvape Z Series Coil Z 0.2ohm XM;;14.Resistances;3.3;;OK;
;;Geekvape Z Series Coils 0.4ohm;;14.Resistances;3.22;;OK;
;;GTI 0.15 ohm vaporesso;;14.Resistances;3.71;;OK;
;;GTI 0.2 ohm vaporesso;;14.Resistances;4.1;;OK;
;;GTI 0.3 ohm vaporesso;;14.Resistances;4.1;;OK;
;;GTI 0.4 ohm vaporesso;;14.Resistances;4.1;;OK;
;;Gti 0.5 ohm;;14.Resistances;4.1;;OK;
;;GTX-2 0.15 ohm Vaporesso;;14.Resistances;3.2;;OK;
;;GTX-2 0.2 ohm Vaporesso;;14.Resistances;3.2;;OK;
;;GTX-2 0.3 ohm Vaporesso;;14.Resistances;3.2;;OK;
;;GTX-2 0.4 ohm Vaporesso;;14.Resistances;2.88;;OK;
;;GTX-2 Vaporesso - 0.15 ohm;;14.Resistances;3.13;;OK;
;;GTX-2 Vaporesso - 0.2 ohm;;14.Resistances;3.18;;OK;
;;Innokin *Premium* Z-Coil 0,3 Ohm Heads;;14.Resistances;2.67;;OK;
;;Ito 0.7 ohm -  voopoo;;14.Resistances;3.2;;OK;
;;J coil 0.4 ohm geekvape;;14.Resistances;4.05;;OK;
;;Justfog 1.6 ohm;;14.Resistances;3.1;;OK;
;;Lost Vape UB Lite L7 - 0.3 Ohm;;14.Resistances;3.5;;OK;
;;Lost Vape UB Max 0.15ohm;;14.Resistances;3.5;;OK;
;;Lost Vape UB MAX 0.2 Ohm;;14.Resistances;3.35;;OK;
;;Lost Vape UB MAX 0.3 Ohm;;14.Resistances;3.5;;OK;
;;Lost Vape UB MAX Verdampferkopf 0,2 Ohm;;14.Resistances;3.5;;OK;
;;Lost Vape UB MAX Verdampferkopf 0,3 Ohm;;14.Resistances;2.16;;OK;
;;Lost Vape UB Max X2 Coil 0.15ohm;;14.Resistances;3.43;;OK;
;;Lost Vape Ultra Boost V4;;14.Resistances;3.03;;OK;
;;Lost Vape Ultra Boost V4 M8 0.15 Ohm;;14.Resistances;3.5;;OK;
;;M 0,15ohm Z Max GeekVape quadra;;14.Resistances;4.1;;OK;
;;M 0.14 ohm;;14.Resistances;4.1;;OK;
;;Mesh GTI Itank Vaporesso - 0.4 ohm;;14.Resistances;4.1;;OK;
;;Nevoks Spl 10 Coils 0.4;;14.Resistances;2.48;;OK;
;;P 0.15 ohm : 70-80W geekvape;;14.Resistances;3.2;;OK;
;;P GeekVape 0.15 ohm : 70-80W;;14.Resistances;3.01;;OK;
;;PnP VM5 0.2Ω 40-60W;;14.Resistances;3.2;;OK;
;;PnP X 0.2ohm recommandée à 40-60W;;14.Resistances;3.12;;OK;
;;PnP X 0.6ohm recommandée à 18-23W.;;14.Resistances;3.2;;OK;
;;pnp-TW Voopoo - 0.15 ohm;;14.Resistances;3.01;;OK;
;;pnp-TW Voopoo - 0.3 ohm;;14.Resistances;3.2;;OK;
;;PNPX 0.15;;14.Resistances;2.68;;OK;
;;PNPX 0.2;;14.Resistances;2.68;;OK;
;;PNPX 0.3;;14.Resistances;2.51;;OK;
;;RPM 3 COIL 0.15;;14.Resistances;4.1;;OK;
;;RPM3 COIL 0.23;;14.Resistances;4.1;;OK;
;;Smok D-Coil Meshed 0.4 Ohms;;14.Resistances;3.28;;OK;
;;Smok m-coil 0.4;;14.Resistances;4.1;;OK;
;;Smok RPM 3 Coil Meshed 0.15ohm;;14.Resistances;4.1;;OK;
;;Smok TA Mesh Dual Coil 5ct;;14.Resistances;3.42;;OK;
;;SMOK Tech Tfv12 Mesh Coil 0.15 ohm;;14.Resistances;4.1;;OK;
;;Smok Tech TFV16 Mesh Replacement Coils -;;14.Resistances;4.1;;OK;
;;SMOK Tech Tfv18 Mesh Coil 0.33ohm;;14.Resistances;4.1;;OK;
;;Smok TFV18 Dual Meshed Heads 0,15 Ohm;;14.Resistances;3.83;;OK;
;;Smok V9 0,15 Ohm Mesh Head;;14.Resistances;3.28;;OK;
;;TA Smok - 0.2 ohm;;14.Resistances;3.94;;OK;
;;TFV18 0.15 ohm Smok;;14.Resistances;4.1;;OK;
;;TFV18 0.33 ohm smok;;14.Resistances;4.1;;OK;
;;TFV18 Mini Meshed Smok - 0.33 ohm;;14.Resistances;4.1;;OK;
;;TFV9 COIL 0.15 ohm smok;;14.Resistances;4.1;;OK;
;;TPP-DM1 0.15ohm Voopoo;;14.Resistances;3.8;;OK;
;;Ub Max X2 en 0.2ohm recommandée entre 60 et 80W.;;14.Resistances;3.5;;OK;
;;UB Max X3 en 0.3ohm recommandée entre 40 et 60W.;;14.Resistances;3.5;;OK;
;;Ultra Boost Lite Lost Vape - 0.4 ohm;;14.Resistances;2.4;;OK;
;;Ultra Boost Max X1 en 0.15ohm recommandée entre 80 et 100watts lost vape;;14.Resistances;3.5;;OK;
;;Ultra Boost Max X4 en 0.3ohm recommandée entre 40 et 60W.;;14.Resistances;2.89;;OK;
;;Ultra Boost Max X5 en 0.2ohm recommandée entre 60 et 80W.;;14.Resistances;3.5;;OK;
;;Ultra Boost V4 Lost Vape - M7 0.2ohm;;14.Resistances;3.5;;OK;
;;Vaporesso GT Core Mesh Coil 0.18ohm;;14.Resistances;3.5;;OK;
;;Vaporesso Gti Mesh Coil;;14.Resistances;3.38;;OK;
;;Vaporesso GTI Mesh Coil 0.2ohm;;14.Resistances;3.4;;OK;
;;Vaporesso Gtx 0.15ohm Mesh Coil;;14.Resistances;2.8;;OK;
;;Vaporesso GTX 0.2ohm Mesh Coil 45-50w;;14.Resistances;2.83;;OK;
;;Vaporesso Gtx 0.3ohm Mesh Coil;;14.Resistances;2.37;;OK;
;;Vaporesso Gtx 0.4ohm Mesh Coil;;14.Resistances;2.75;;OK;
;;Vaporesso GTX 0.6ohm Mesh Coil;;14.Resistances;2.8;;OK;
;;Vaporesso GTX Dual Mesh Coil;;14.Resistances;3.08;;OK;
;;Voopoo - Coils ITO V2;;14.Resistances;2.93;;OK;
;;Voopoo PnP -TW15 0.15ohm Max 70w;;14.Resistances;2.67;;OK;
;;Voopoo PnP -TW20 0.2ohm Max 55w;;14.Resistances;2.88;;OK;
;;Voopoo PNP Replacement Coils;;14.Resistances;2.56;;OK;
;;Voopoo PnP X Coil 0.6ohm 23w Max;;14.Resistances;1.6;;OK;
;;Z Zeus 0.15 ohm - GeekVape;;14.Resistances;3.82;;OK;
;;Z Zeus 0.2 ohm - GeekVape;;14.Resistances;4.1;;OK;
;;Z Zeus 0.25 ohm dual coil - GeekVape;;14.Resistances;4.1;;OK;
;;Z Zeus 0.4 ohm - GeekVape;;14.Resistances;3.98;;OK;
;;Z Zeus GeekVape - 0.4 ohm;;14.Resistances;3.98;;OK;
;;Z-Coil 0.3 ohm Innokin;;14.Resistances;3.1;;OK;
;;Argus 0.7ohm 2ml top fil cartrige v2 - voopoo;;15.réservoir;5.87;;OK;
;;Argus e40 0.6 ohm - voopoo;;15.réservoir;6.9;;OK;
;;Aspire Avata Replacement Pod 0.4Ohm;;15.réservoir;6.69;;OK;
;;Aspire magnum pod 0.25;;15.réservoir;6.64;;OK;
;;Aspire Pod De Remplacement Magnum 6ml (0.25 ohm);;15.réservoir;6.9;;OK;
;;Aspire Pod De Remplacement Magnum 6ml (0.25/0.4);;15.réservoir;6.88;;OK;
;;Aspire Pod De Remplacement Magnum 6ml (0.4 ohm);;15.réservoir;6.9;;OK;
;;Cartouche ursa v3;;15.réservoir;6.9;;OK;
;;Cartouche Vcap 2ml Innokin;;15.réservoir;5.9;;OK;
;;Eplus cartridge 0.6 Ohm - lost vape;;15.réservoir;6.9;;OK;
;;FumyTech Cartouches Hookah Air;;15.réservoir;6.9;;OK;
;;Geek Vape Jr Cartridge Empty Pod 2pk;;15.réservoir;6.9;;OK;
;;Geek Vape Peak Cartridge 0.8;;15.réservoir;6.3;;OK;
;;Geekvape jr cartidge resistance non incluse;;15.réservoir;6.34;;OK;
;;GeekVape Q Pod Side Fill 3ml – 0.8 Ohm;;15.réservoir;5.17;;OK;
;;Geekvape Q0.4 cartridge;;15.réservoir;6.9;;OK;
;;Geekvape Q0.8 cartridge;;15.réservoir;6.9;;OK;
;;Geekvape soul cartridge 0.4 30-35w;;15.réservoir;6.8;;OK;
;;Geekvape soul cartridge 0.4 ohm boost version 4ml;;15.réservoir;6.73;;OK;
;;geekvape soul cartridge 15w-30w 0.6;;15.réservoir;6.9;;OK;
;;Geekvape U Pod Cartridge 3/Pk U 0.7 Ohm P1;;15.réservoir;3.8;;OK;
;;Geekvape u0.7 cartridge;;15.réservoir;3.45;;OK;
;;Geekvape wenax M1 cartridge 0.8 ohm;;15.réservoir;6.9;;OK;
;;Geekvape Wenax M1 Cartridge avec Filtre 0.8ohm;;15.réservoir;4.6;;OK;
;;Geekvape Wenax M1 Pod Cartridge 2ml V1;;15.réservoir;5.47;;OK;
;;Geekvape Wenax M1 V2 Pod Cartridge 0,8 Ohm;;15.réservoir;5.23;;OK;
;;GeekVape Wenax Q 3ml .6oHm Pod 3pk;;15.réservoir;4.6;;OK;
;;Kangertech kanger evo tank blanc;;15.réservoir;6.9;;OK;
;;Kangertech kanger evo tank bleu;;15.réservoir;6.9;;OK;
;;Kiwi Vapor Cartridge Pro Spark 0,8 Ohm;;15.réservoir;6.9;;OK;
;;Klyp's refillable pod 0.6 Ohm;;15.réservoir;6.9;;OK;
;;Klypse pod 0.6;;15.réservoir;6.9;;OK;
;;Klypse pod 2ml 0.6 ohm;;15.réservoir;3.14;;OK;
;;Loomix Pod 3ml 0,8 Ohm - Aspire;;15.réservoir;10.9;;OK;
;;Lost Vape Cartouche V3 0.8 Ohm Ursa Nano Avec Résistance;;15.réservoir;4.94;;OK;
;;Lost Vape E Plus Pod 0,3 Ohm;;15.réservoir;4.6;;OK;
;;Lost Vape Nexus Pods 0.8 Ohm;;15.réservoir;6.9;;OK;
;;Lost Vape Ursa Nano Pod Cartridge 0.8ohm 2.5ml. V2;;15.réservoir;4.6;;OK;
;;Lost Vape Ursa V2 0.6 Pod;;15.réservoir;4.6;;OK;
;;Lost Vape Ursa V3 Pod - 0,6 Ohm;;15.réservoir;4.97;;OK;
;;Luxe Q 0.6 Ohm - vaporesso;;15.réservoir;6.9;;OK;
;;Luxe Q 0.8 Ohm - vaporesso;;15.réservoir;6.9;;OK;
;;LUXE X 0.6 MESH POD vaporesso;;15.réservoir;6.83;;OK;
;;LUXE X series 0.4 Ohm - vaporesso;;15.réservoir;6.9;;OK;
;;LUXE X series 0.6 Ohm - vaporesso;;15.réservoir;5.75;;OK;
;;Luxe x series 0.8;;15.réservoir;6.9;;OK;
;;Luxe X series 0.8 Ohm - vaporesso;;15.réservoir;6.9;;OK;
;;Oneo cartridge 0.8;;15.réservoir;6.9;;OK;
;;Osco pod 0.6ohm - Freemax;;15.réservoir;6.9;;OK;
;;Oxva Oneo Cartridge 3.5ml 0.6ohm;;15.réservoir;4.6;;OK;
;;Oxva Oneo Cartridge 3.5ml 0.8ohm;;15.réservoir;5.17;;OK;
;;Oxva vprime cartridge;;15.réservoir;6.9;;OK;
;;Oxva Vprime Cartridge 0,2ohm 5ml;;15.réservoir;6.9;;OK;
;;Oxva Vprime Cartridge 0,6ohm 5ml;;15.réservoir;6.9;;OK;
;;Pixo Pod 3ml 0,4 Ohm - Aspire;;15.réservoir;10.86;;OK;
;;Pixo Pod 3ml 0,6 Ohm - Aspire;;15.réservoir;10.9;;OK;
;;PNP X cartridge DTL (vide) - voopoo;;15.réservoir;6.9;;OK;
;;Pod de Remplacement Kanger Evo Pod Kangertech bleu;;15.réservoir;6.0;;OK;
;;Pod de Remplacement Kanger Evo Pod Kangertech noir;;15.réservoir;1.5;;OK;
;;Reservoir astara 6ml 0.3ohm;;15.réservoir;6.9;;OK;
;;Reservoir nexus 0.8;;15.réservoir;9.2;;OK;
;;Reservoir pnpx vide voopoo;;15.réservoir;6.9;;OK;
;;Reservoir puremax sx mini px35 pro2 2ml;;15.réservoir;6.9;;OK;
;;Reservoir puzely fumytech;;15.réservoir;6.9;;OK;
;;Reservoir Uwell Typhos Pod 0,3 Ohm 6ml;;15.réservoir;6.9;;OK;
;;Rexa pod 0.4ohm - Freemax;;15.réservoir;5.17;;OK;
;;Réservoir Ori 0.4ohm 5ml;;15.réservoir;5.45;;OK;
;;Tg Pod 3ml 0.8ohm - Aspire;;15.réservoir;10.29;;OK;
;;Ursa v2 0.6;;15.réservoir;6.76;;OK;
;;Vaporesso Luxe Q Mesh Pod 0.8ohm;;15.réservoir;6.9;;OK;
;;Vaporesso Luxe Q Pods 3 Ml 0.6 Mesh;;15.réservoir;6.9;;OK;
;;Vaporesso Luxe Q Pods 3 Ml 0.6 Mesh x4;;15.réservoir;17.9;;OK;
;;Vaporesso Luxe X 0.8 Mesh Pod 5ml;;15.réservoir;6.9;;OK;
;;Vaporesso Luxe X 5ml 0.6 Mesh Pod;;15.réservoir;6.9;;OK;
;;Vaporesso Luxe X Mesh Pods .04ohms;;15.réservoir;6.43;;OK;
;;Vaporesso Luxe XR Replacement Pods;;15.réservoir;6.9;;OK;
;;Vaporesso Xros Series 0.4ohm Mesh Pod 3ml;;15.réservoir;5.47;;OK;
;;Voopoo Argus Pod Top Fill 2.0 - 3ml - 0.7 Ohm;;15.réservoir;4.6;;OK;
;;Voopoo Argus Top Fill - Pod Cartridge - 2ml - 0,4 Ohm;;15.réservoir;6.9;;OK;
;;VooPoo Cartouches Argus Pod 3ml Top Fill V2 0.4 ohm;;15.réservoir;4.6;;OK;
;;Voopoo Cartridge Argus E40 0,6 Ohm;;15.réservoir;6.9;;OK;
;;Voopoo PnP X Cartridge (Drag S2) DTL;;15.réservoir;6.9;;OK;
;;Xros 0.4 ohm - vaporesso;;15.réservoir;4.58;;OK;
;;Blaze pro max RTA - ThunderCloud - silver black;;16.Reconstructible;57.9;;OK;
;;Dead rabbit 3 RTA;;16.Reconstructible;50.5;;OK;
;;Dead rabbit 3 RTA J edition hellvape  shiny glod black;;16.Reconstructible;54.9;;OK;
;;Dead rabbit 3 RTA J edition hellvape shiny gunmetal purple;;16.Reconstructible;54.9;;OK;
;;Dead rabbit 3 RTA J edition hellvape shiny S.S. blue;;16.Reconstructible;54.9;;OK;
;;Dead rabbit 4 pro black gold;;16.Reconstructible;49.9;;OK;
;;Dead rabbit 4 pro matte black;;16.Reconstructible;49.9;;OK;
;;Dead rabbit 4 RTA matte black;;16.Reconstructible;45.9;;OK;
;;DJV RDTA v2 - Fibre Engrave Red;;16.Reconstructible;59.9;;OK;
;;Fiber N'cotton;;16.Reconstructible;9.9;;OK;
;;MESH A1 0.15;;16.Reconstructible;1.8;;OK;
;;Precisio GT RTA limited edition 600 bd vape;;16.Reconstructible;79.9;;OK;
;;Tfc cotton;;16.Reconstructible;7.9;;OK;
;;Wick-n-vape Cotton Bacon Prime;;16.Reconstructible;9.9;;OK;
;;CHARGEUR  2 accus EFEST;;17.accessoire;17.9;;OK;
;;Chargeur 1 accu Efest;;17.accessoire;6.9;;OK;
;;Decapsuleur DIY'UP;;17.accessoire;2.0;;OK;
;;Drip tip 510 resine;;17.accessoire;4.1;;OK;
;;Drip tip 810 deep grille metal;;17.accessoire;5.0;;OK;
;;Drip tip 810 MPV;;17.accessoire;2.99;;OK;
;;Drip Tip 810 PJ054;;17.accessoire;5.0;;OK;
;;Drip tip 810 resine;;17.accessoire;4.1;;OK;
;;Drip Tip 810 Résine Kit A2;;17.accessoire;3.17;;OK;
;;Drip tip precisio bd vape;;17.accessoire;10.9;;OK;
;;Drip Tips 510 Smile Fumytech;;17.accessoire;3.75;;OK;
;;DT PJ009 red;;17.accessoire;2.56;;OK;
;;Geekvape filter drip;;17.accessoire;5.4;;OK;
;;GeekVape Mini 7 Piece Tool Build Kit;;17.accessoire;39.9;;OK;
;;geekvape z max tank 6ml bubble glass;;17.accessoire;4.9;;OK;
;;Kiwi cotton tips;;17.accessoire;5.9;;OK;
;;Lost Vape Pyrex Centaurus Sub Ohm;;17.accessoire;4.9;;OK;
;;Nitecore Battery Charger 2-slot/intellicharger New I2;;17.accessoire;19.9;;OK;
;;Pyrex aspire;;17.accessoire;5.9;;OK;
;;Pyrex buble ub lite lost vape;;17.accessoire;4.0;;OK;
;;Pyrex Centaurus Subohm 5ml Lost Vape;;17.accessoire;4.9;;OK;
;;Pyrex dead rabbit 3 hellvape;;17.accessoire;4.9;;OK;
;;Pyrex Itank 8ml Vaporesso;;17.accessoire;4.9;;OK;
;;Pyrex ITank T 6ml Vaporesso;;17.accessoire;4.9;;OK;
;;Pyrex precisio bd vape;;17.accessoire;4.9;;OK;
;;Pyrex tfv16\18 smok;;17.accessoire;4.9;;OK;
;;Pyrex Zeus Max 6ml geekvape;;17.accessoire;4.9;;OK;
;;Pyrex Zeus ZX 5.5ml GeekVape;;17.accessoire;4.47;;OK;
;;Tour de cou;;17.accessoire;5.0;;OK;
;;Vape bande;;17.accessoire;1.62;;OK;
;;Verre de Remplacement ITank T 3ml Vaporesso;;17.accessoire;4.9;;OK;
;;Verre de Remplacement ITank T 6ml Vaporesso;;17.accessoire;4.9;;OK;
;;Verre Z Nano 2 GeekVape;;17.accessoire;4.9;;OK;
;;Wenax m1 plastic drip tip;;17.accessoire;1.14;;OK;
;;Alfa diy;;18.D.I.Y;15.7;;OK;
;;Alfa diy 3 mlg;;18.D.I.Y;15.7;;OK;
;;Alfa diy 6 mlg;;18.D.I.Y;12.59;;OK;
;;Base 140ml 50/50 00mg Extrapure;;18.D.I.Y;4.9;5;OK;
;;Base 500ml 100%vg Extrapure;;18.D.I.Y;9.74;;OK;
;;Base 500ml 50/50 00mg Extrapure;;18.D.I.Y;9.84;4;OK;
;;Booster 50/50 Sel de nicotine Liquideo 10ml 20mg;;18.D.I.Y;;;Prix manquant;Prix de vente à renseigner.
;;Booster nicotine frais;;18.D.I.Y;0.72;;OK;
;;Booster nicotine Liquideo 10ml 20mg;;18.D.I.Y;;;À vérifier;Prix source anormal : la valeur correspond probablement à un montant de ventes agrégé. Prix à renseigner avant import.
;;E-tasty  base 1L 50/50;;18.D.I.Y;18.8;;OK;
;;Flacon plat 75ml;;18.D.I.Y;5.9;;OK;
;;Flacon vide 110ml;;18.D.I.Y;1.88;;OK;
;;Flacon vide 180ml;;18.D.I.Y;3.0;;OK;
;;Flacon vide 30ml;;18.D.I.Y;1.5;;OK;
;;Flacon vide 70ml;;18.D.I.Y;2.0;;OK;
;;Supervape Base 1L 20/80 00mg;;18.D.I.Y;18.8;;OK;
;;Dead Rabbit V3 RTA Pyrex Glass 5.5ml;;19.PIREX / VERRE;4.9;;OK;
;;Geekvape Pyrex Zeus Nano 2 - Geek Vape;;19.PIREX / VERRE;4.9;;OK;
;;GEEKVAPE Z MAX 6ml;;19.PIREX / VERRE;4.9;;OK;
;;Geekvape Zeus Dual Bubble Glass 5.5ml;;19.PIREX / VERRE;4.48;;OK;
;;Lost Vape Pyrex Centaurus Sub Ohm 5.5ml;;19.PIREX / VERRE;4.8;;OK;
;;PIREX Z FORCE 5ml;;19.PIREX / VERRE;4.9;;OK;
;;Smok T-Air Replacement Bubble Glass 5ml;;19.PIREX / VERRE;4.9;;OK;
;;Vaporesso Itank 2 - Glass Tube 8ml;;19.PIREX / VERRE;4.9;;OK;
;;Vaporesso iTank T Replacement Glass 6ml;;19.PIREX / VERRE;4.9;;OK;
;;Capuchon de Protection pour Drip Tip Vapesoon;;accessoire;2.0;;OK;
;;CHARGEUR LUSH Q2 EFEST;;accessoire;17.9;11;OK;
;;Drip Tip 510 PJ034;;accessoire;3.2;;OK;
;;Drip Tip 810 PJ049;;accessoire;2.98;;OK;
;;e-cigpower;;accessoire;50.9;;OK;
;;Kit Endura V Pod Innokin;;accessoire;26.9;;OK;
;;Pyrex Bulb pour T-Air Subtank 5ml - Smok;;accessoire;4.9;;OK;
;;Sacoche Bandouliere Tissu Noir;;accessoire;9.23;;OK;
;;Support E-Chicha Portable Hookah Dock Fumytech silver;;accessoire;69.9;;OK;
;;Verre 5.5ml Zeus ZX GeekVape;;accessoire;4.9;;OK;
;;Verre bd vape peciso;;accessoire;4.9;;OK;
;;Verre Centaurus Subohm 5ml Lost Vape;;accessoire;4.9;;OK;
;;Verre Itank 8ml Vaporesso;;accessoire;4.9;;OK;
;;Verre Sky Solo Plus 8ml Vaporesso;;accessoire;4.9;;OK;
;;Verre tfv16\18;;accessoire;4.9;;OK;
;;18650 3500;;accus;11.57;;OK;
;;21700 3.7v 5000 mAh;;accus;14.57;;OK;
;;Accu mpv 18650 3800 Mah;;accus;12.23;;OK;
;;Accu Mpv 21700 6000mah 3.7v 20A;;accus;14.43;;OK;
;;accu mxjo 21700 4000mAh;;accus;14.5;;OK;
;;Mpv 6000mah;;accus;14.9;;OK;
;;geekvape z max tank gold;;ATOMISEUR;39.7;;OK;
;;geekvape z max tank silver;;ATOMISEUR;39.7;;OK;
;;geekvape z subohm SE Tank;;ATOMISEUR;32.9;;OK;
;;Go max sub-ohm tank rose innokin;;ATOMISEUR;5.0;;OK;
;;Go max sub-ohm tank tansparent innokin;;ATOMISEUR;5.0;;OK;
;;Itank T 6ml Vaporesso;;ATOMISEUR;29.91;;OK;
;;Offre Starter kit box + pod eart art;;ATOMISEUR;71.7;;OK;
;;precisio blaster black;;ATOMISEUR;45.9;;OK;
;;Precisio blaster Sub-Ohm Edition gun metal - BD Vape;;ATOMISEUR;45.64;;OK;
;;zenith pro Innokin  blue;;ATOMISEUR;44.9;;OK;
;;Chocolat;;Bar a vape;1.8;;OK;
;;Coca cola cherry;;Bar a vape;1.93;;OK;
;;Red bull abricot fraise;;Bar a vape;2.5;;OK;
;;Red bull pasteque;;Bar a vape;2.26;;OK;
;;Red bull peche blanche;;Bar a vape;2.31;;OK;
;;Tourtelle framboise;;Bar a vape;2.7;;OK;
;;Blaster Mod BD Vape gun metal;;BOX;75.81;;OK;
;;Box Centaurus N100 100W Lost Vape - Blue Waves;;BOX;16.63;;OK;
;;Box Erato 230 Smok - Prism Blue;;BOX;40.41;;OK;
;;Box Erato 230 Smok black;;BOX;44.9;;OK;
;;Kroma 217 Express Kit;;BOX;43.55;;OK;
;;Mod Rayden 100 V 1.5 COD Limited Edition - BD Vape;;BOX;81.42;;OK;
;;Armour g blue;;cigarette electronique;54.9;;OK;
;;Armour g green;;cigarette electronique;54.9;;OK;
;;Armour g red;;cigarette electronique;54.9;;OK;
;;armour g rose;;cigarette electronique;54.9;;OK;
;;Armour g silver;;cigarette electronique;54.9;;OK;
;;Centaurus edition 10ans;;cigarette electronique;89.9;;OK;
;;Coolfire pzpulse innokin bleu;;cigarette electronique;49.9;;OK;
;;E-chicha dragonball z;;cigarette electronique;54.9;;OK;
;;E-chicha magnum by aspire cyber bear;;cigarette electronique;49.5;;OK;
;;E-chicha magnum by aspire cyber lilly;;cigarette electronique;49.5;;OK;
;;E-chicha magnum by aspire evil eyes;;cigarette electronique;49.5;;OK;
;;E-chicha magnum by aspire fire tiger;;cigarette electronique;49.5;;OK;
;;E-chicha magnum by aspire silver & funky skull;;cigarette electronique;38.83;;OK;
;;fumytech hookah air wukong limited;;cigarette electronique;54.9;;OK;
;;GEEKVAPE AEGIS SOLO III KIT RAINBOW;;cigarette electronique;;;Prix manquant;Prix de vente à renseigner.
;;geekvape soul;;cigarette electronique;44.9;;OK;
;;Kit Aegis Legend 2 (L200) - GeekVape blue;;cigarette electronique;79.9;;OK;
;;Kit Aegis Legend 2 Classic 200W (L200) - GeekVape rainbow;;cigarette electronique;92.9;;OK;
;;Kit Aegis Legend 3 (+ Z FLI 5,5ml) GeekVape black;;cigarette electronique;12.95;;OK;
;;Kit Aegis Legend 3 (+ Z FLI 5,5ml) GeekVape black/grey;;cigarette electronique;89.9;;OK;
;;Kit Aegis Legend 3 (+ Z FLI 5,5ml) GeekVape Blue;;cigarette electronique;76.41;;OK;
;;Kit Aegis Legend 3 (+ Z FLI 5,5ml) GeekVape rainbow;;cigarette electronique;89.9;;OK;
;;Kit Aegis Legend 3 (+ Z FLI 5,5ml) GeekVape Red;;cigarette electronique;89.9;;OK;
;;Kit Armour Max (+ iTank 2 8ml) Vaporesso - Cyber gold;;cigarette electronique;86.9;;OK;
;;Kit Armour Max (+ iTank 2 8ml) Vaporesso black;;cigarette electronique;86.9;;OK;
;;Kit Armour S Camo Blue;;cigarette electronique;72.9;;OK;
;;Kit Armour s Cyber Blue;;cigarette electronique;72.9;;OK;
;;Kit Centaurus 10ans limited édition;;cigarette electronique;89.9;;OK;
;;Kit centaurus M200 BLACK;;cigarette electronique;89.9;;OK;
;;Kit Digi Max GeekVape ROSE;;cigarette electronique;49.41;;OK;
;;Kit Digi Max GeekVape ROUGE;;cigarette electronique;49.81;;OK;
;;Kit Drag 5 (+ ato Uforce X 5.5ml) Voopoo - Gradient Blue;;cigarette electronique;82.9;;OK;
;;Kit E-Chicha Portable Hookah Air Fumytech silver;;cigarette electronique;52.16;;OK;
;;Kit Kanger Evo Pod Kangertech blanc;;cigarette electronique;20.9;;OK;
;;Kit Kanger Evo Pod Kangertech bleu;;cigarette electronique;20.9;;OK;
;;Kit Kanger Evo Pod Kangertech noir;;cigarette electronique;20.6;;OK;
;;Kit klypse green;;cigarette electronique;29.9;;OK;
;;Kit klypse rouge;;cigarette electronique;29.9;;OK;
;;Kit Luxe Q2 black;;cigarette electronique;37.69;;OK;
;;Kit Morph 3 230w - Smok;;cigarette electronique;79.9;;OK;
;;Kit Oneo Pod 40W 1600mah 3.5ml Oxva;;cigarette electronique;32.9;;OK;
;;Kit Tech247 Smok;;cigarette electronique;41.57;;OK;
;;Kit Vinci Spark 100 (+ato Uforce-x Nano 4.5ml) Voopoo gunmetal;;cigarette electronique;65.9;;OK;
;;Kit Vinci Spark 100 (+ato Uforce-x Nano 4.5ml) Voopoo noir;;cigarette electronique;60.7;;OK;
;;Kit Vinci Spark 100 (+ato Uforce-x Nano 4.5ml) Voopoo orange;;cigarette electronique;65.9;;OK;
;;Kit Vinci Spark 100 (+ato Uforce-x Nano 4.5ml) Voopoo rose;;cigarette electronique;32.95;;OK;
;;Kit Xlim Pro Pod 2ml Oxva;;cigarette electronique;39.9;;OK;
;;Kit Zero V5 Pod Yooz - Blue;;cigarette electronique;38.9;;OK;
;;Offre Starter kit box + pod  pastel purple;;cigarette electronique;77.67;;OK;
;;Pack Thelema Mini 1500mAh New Colors - Lost Vape gold;;cigarette electronique;52.9;;OK;
;;Rayden fallout;;cigarette electronique;99.9;;OK;
;;Sidera gris;;cigarette electronique;127.92;;OK;
;;Starter Kit Wenax M GeekVape (Powerbank + Kit Wenax M1 Mini) pink;;cigarette electronique;52.36;;OK;
;;Starter Kit Wenax M GeekVape (Powerbank + Kit Wenax M1 Mini) purple;;cigarette electronique;59.9;;OK;
;;Starter Kit Wenax M GeekVape (Powerbank + Kit Wenax M1 Mini) purpule;;cigarette electronique;59.9;;OK;
;;Startet kit wenax M (powerbank + kit wenax M1 mini) carbon grey geekvape;;cigarette electronique;52.72;;OK;
;;Vaporesso armour GS bleu;;cigarette electronique;53.9;;OK;
;;Vinci E120 Rose Red;;cigarette electronique;63.9;;OK;
;;Vinci E120 Star purple;;cigarette electronique;63.9;;OK;
;;ABSOLUTE AROMA - COLA CHERRY;;Concentré;15.6;;OK;
;;ABSOLUTE AROMA - GREEN APPLE;;Concentré;15.6;;OK;
;;ABSOLUTE AROMA : LYCHEE BLACKURRANT;;Concentré;15.6;;OK;
;;Concentre medusa berrywood crazy labs;;Concentré;7.88;;OK;
;;Concentre medusa gold crazy labs;;Concentré;15.6;;OK;
;;Concentre medusa silver wing crazy labs;;Concentré;15.6;;OK;
;;Concentré Red Astaire 30ml;;Concentré;15.6;5;OK;
;;Crumby Crush Concentre T Juice 30ml;;Concentré;15.6;;OK;
;;Force Bleue Concentre Force Vape Swoke 30ml;;Concentré;15.6;;OK;
;;Force Jaune Concentre Force Vape Swoke 30ml;;Concentré;15.38;;OK;
;;Force Rouge Concentre Force Vape Swoke 30ml;;Concentré;15.6;;OK;
;;lucky biscuit sablé au beurre vanille 30ml;;Concentré;15.6;;OK;
;;Oni Sweet Edition Concentré Ultimate A&L 30ml;;Concentré;13.26;;OK;
;;Phoenix Green Edition Concentré Ultimate A&L 30ml;;Concentré;15.6;;OK;
;;Phoenix Sweet Edition Concentré Ultimate A&L 30ml;;Concentré;15.6;;OK;
;;Ragnarok Sweet Edition Concentré Ultimate A&L 30ml;;Concentré;15.57;;OK;
;;Scout Concentre Call Of Vape Cloud Vapor 30ml;;Concentré;15.6;;OK;
;;Shinobi Green Edition Concentré Ultimate A&L 30ml;;Concentré;15.6;;OK;
;;Shootiz cake 30ml;;Concentré;15.6;;OK;
;;Valkyrie Sweet Edition Concentré Ultimate A&L 30ml;;Concentré;15.6;;OK;
;;Virginia Concentre Vampire Vape 30ml;;Concentré;15.6;;OK;
;;agent cooling;;D.I.Y;4.58;;OK;
;;Base 1L 50/50 00mg Extrapure;;D.I.Y;18.8;0;OK;
;;Booster 50/50 Nic Salts Liquideo 10ml 20mg;;D.I.Y;0.66;954;OK;
;;DIY4EVER 200ml 50PG / 50VG - N+ 6mg nicotine - DIY4EVER;;D.I.Y;14.98;;OK;
;;nico pulse xtra fresh;;D.I.Y;3.5;;OK;
;;Apple Roll Sultan Cloud Le French Liquide Lips 100ml;;E-liquide 100ml;24.9;;OK;
;;Baru Aromes & Secrets Savourea 100ml;;E-liquide 100ml;24.9;;OK;
;;Black hole 100ml MIV Distrib;;E-liquide 100ml;24.9;;OK;
;;Call of vape prestige;;E-liquide 100ml;24.86;;OK;
;;Cloud empire fraise 100ml Fuu;;E-liquide 100ml;24.9;;OK;
;;Crimson Call Of Vape Cloud Vapor 100ml;;E-liquide 100ml;24.69;;OK;
;;Dark Enigma T Juice 100ml;;E-liquide 100ml;24.9;;OK;
;;Demin Fiz 100ml MIV Distrib;;E-liquide 100ml;24.9;;OK;
;;DINOS : FRUIT DU DRAGON VIOLETTE LIMONADE;;E-liquide 100ml;24.9;;OK;
;;DINOS : GRENADINE POMME;;E-liquide 100ml;24.9;;OK;
;;DINOS : PAPAYE FRAISE PECHE;;E-liquide 100ml;24.9;;OK;
;;DINOS : RED DRAGON;;E-liquide 100ml;24.9;;OK;
;;Dollar speculoos 100ml vap air;;E-liquide 100ml;24.9;;OK;
;;Dollar toast de fraise 100ml vap air;;E-liquide 100ml;24.9;;OK;
;;Esteli Aromes & Secrets Savourea 100ml;;E-liquide 100ml;24.9;;OK;
;;Force Bleue Force Vape Swoke 100ml;;E-liquide 100ml;24.9;;OK;
;;Force Jaune Force Vape Swoke 100ml;;E-liquide 100ml;24.9;;OK;
;;Force violette;;E-liquide 100ml;24.9;;OK;
;;Fruity cool fraise poire peche;;E-liquide 100ml;24.9;;OK;
;;Ghost Call Of Vape Cloud Vapor 100ml;;E-liquide 100ml;24.49;;OK;
;;Green Elixir Mortal Juices Extrapure 100ml;;E-liquide 100ml;14.95;;OK;
;;Hellfire Mortal Juices Extrapure 100ml;;E-liquide 100ml;24.9;;OK;
;;Hizagiri Fighter Fuel 100ml 00mg;;E-liquide 100ml;24.9;;OK;
;;Hollywood Haze Mortal Juices Extrapure 100ml;;E-liquide 100ml;5.0;;OK;
;;Icy Paradise T Juice 100ml;;E-liquide 100ml;24.9;;OK;
;;Imperial Peach Sultan Cloud Le French Liquide Lips 100ml;;E-liquide 100ml;24.9;;OK;
;;Juice 66 paradise cherry raspberrry;;E-liquide 100ml;24.9;;OK;
;;Juice 66 Paradise Lemonade;;E-liquide 100ml;24.9;;OK;
;;Juice66 - Paradise - Lemonade;;E-liquide 100ml;24.9;;OK;
;;L'INVAPABLE Baron Rouge;;E-liquide 100ml;24.9;;OK;
;;L'INVAPABLE Polar Vortex;;E-liquide 100ml;24.69;;OK;
;;L'INVAPABLE Ultra Fraise;;E-liquide 100ml;14.95;;OK;
;;Lady dasy T Juice 100ml;;E-liquide 100ml;24.9;;OK;
;;Le bullitt;;E-liquide 100ml;24.9;;OK;
;;Le Maudit Vape Institut 100ml 00mg;;E-liquide 100ml;24.9;;OK;
;;Le Nain Vaping Quest 100ml;;E-liquide 100ml;24.9;;OK;
;;Le ratz rod;;E-liquide 100ml;24.9;;OK;
;;Linzor Aromes & Secrets Savourea 100ml;;E-liquide 100ml;24.9;;OK;
;;Love 66 Sultan Cloud Le French Liquide Lips 100ml;;E-liquide 100ml;24.9;;OK;
;;mon beau sapin pécan-sablé crème;;E-liquide 100ml;24.9;;OK;
;;Nagashi Fighter Fuel 100ml 00mg;;E-liquide 100ml;24.9;;OK;
;;numbers 03 100ml e-tasty;;E-liquide 100ml;13.59;;OK;
;;numbers 04 100ml e-tasty;;E-liquide 100ml;17.98;;OK;
;;numbers 05 100ml e-tasty;;E-liquide 100ml;24.9;;OK;
;;numbers 08 100ml e-tasty;;E-liquide 100ml;24.9;;OK;
;;numbers 10 100ml e-tasty;;E-liquide 100ml;24.9;;OK;
;;Proteus Artefact Lips 100ml;;E-liquide 100ml;24.9;;OK;
;;Raven Blue T Juice 100ml;;E-liquide 100ml;24.9;;OK;
;;Rubie Wonder Vape by Guilab 100ml;;E-liquide 100ml;24.9;;OK;
;;Satoru 100ml MIV Distrib;;E-liquide 100ml;24.9;;OK;
;;Scout Call Of Vape Cloud Vapor 100ml;;E-liquide 100ml;24.9;;OK;
;;Toshimura Fighter Fuel 100ml 00mg;;E-liquide 100ml;23.77;;OK;
;;Vanilla's pécan custard;;E-liquide 100ml;24.9;;OK;
;;Vanilla's tarte custard;;E-liquide 100ml;24.9;;OK;
;;White blizz 100ml MIV Distrib;;E-liquide 100ml;24.9;;OK;
;;Zombie Call Of Vape 100ml;;E-liquide 100ml;22.95;;OK;
;;barbe a papa e-tasty 10ml;;E-liquide 10ml;2.31;;OK;
;;bonbon carnaval e-tasty 10ml;;E-liquide 10ml;3.93;;OK;
;;café expresso e-tasty 10ml;;E-liquide 10ml;5.3;;OK;
;;cassis frais e-tasty 10ml;;E-liquide 10ml;4.41;;OK;
;;framboise sauvage e-tasty 10ml;;E-liquide 10ml;4.82;;OK;
;;fruit du serpent e-tasty 10ml;;E-liquide 10ml;3.51;;OK;
;;menthe polaire e-tasty 10ml;;E-liquide 10ml;4.02;;OK;
;;pasteque juteuse e-tasty 10ml;;E-liquide 10ml;4.73;;OK;
;;peche e-tasty 10ml;;E-liquide 10ml;4.12;;OK;
;;pop cola e-tasty 10ml;;E-liquide 10ml;5.22;;OK;
;;united e-tasty 10ml;;E-liquide 10ml;4.12;;OK;
;;001 0mg 50ml - Squid Juice 2;;E-liquide 50ml;16.02;;OK;
;;456 SQUID JUICE 2;;E-liquide 50ml;20.9;;OK;
;;Al-kimiya Herborist;;E-liquide 50ml;19.9;;OK;
;;AL-KIMIYA Simius;;E-liquide 50ml;19.9;;OK;
;;Amazone Huallaga 50ml;;E-liquide 50ml;13.9;;OK;
;;Ananas Kiwi Jaune Ice Cool by Liquidarom 50ml;;E-liquide 50ml;19.9;;OK;
;;Apocalypse Kaiju Vape Maker 50ml;;E-liquide 50ml;19.18;;OK;
;;Arcvape katelyn 50ml;;E-liquide 50ml;7.63;;OK;
;;arlequin fogz;;E-liquide 50ml;16.58;;OK;
;;Assassin vape assassin 50ml;;E-liquide 50ml;10.9;;OK;
;;Assassin vape samouraï 50ml;;E-liquide 50ml;8.18;;OK;
;;Assassin vape vicking 50ml;;E-liquide 50ml;10.9;;OK;
;;Bako 50 ml - Bankiz by E.Tasty;;E-liquide 50ml;13.6;;OK;
;;BANDOLEROS ROAD FRESH & FURIOUS VAPE MAKER 50ML;;E-liquide 50ml;17.42;;OK;
;;Black Flag Risen Five Pawns 50ml;;E-liquide 50ml;12.0;;OK;
;;BLOODY DRAGON XTRA FRESH ELIQUIDFRANCE FRUIZEE 50ML 00MG;;E-liquide 50ml;16.9;0;OK;
;;BLOODY SUMMER XTRA FRESH (50mL);;E-liquide 50ml;9.95;;OK;
;LT50800;BLUEBERRY LEMON'TIME ELIQUIDFRANCE 50ML 00MG;LEMON'TIME;E-liquide 50ml;13.27;;OK;
;;Bobo Saiyen Vapors Swoke;;E-liquide 50ml;19.9;;OK;
;;Bubblegum tutti frutti Fogz;;E-liquide 50ml;19.9;;OK;
;;Carmi inspiration e-tasty;;E-liquide 50ml;21.9;;OK;
;;Cassis Myrtille Framboise Chill LP Vapor 50ml;;E-liquide 50ml;12.0;;OK;
;;Castle Long Five Pawns 50ml;;E-liquide 50ml;12.0;;OK;
;;Catvenger iron cat;;E-liquide 50ml;;;Prix manquant;Prix de vente à renseigner.
;;Catvengers spiderCat;;E-liquide 50ml;19.9;;OK;
;;Chaos Kaiju Vape Maker 50ml;;E-liquide 50ml;20.38;;OK;
;;Citron Pastèque Ice Cool By Liquidarom 50ml 00mg;;E-liquide 50ml;18.48;0;OK;
;;Clone Swoke 50ml Swoke;;E-liquide 50ml;20.9;;OK;
;;Cola 50ml - Douce Foliz by Flavour Power;;E-liquide 50ml;12.0;;OK;
;;COLA FREEZE LIQUIDEO 50ML 00MG;;E-liquide 50ml;18.31;0;OK;
;;Colamoon Cosmic Candy 50ml;;E-liquide 50ml;19.9;;OK;
;;Concrete Jungle Playlist Big Papa 50ml;;E-liquide 50ml;20.9;;OK;
;;Cookie fogz;;E-liquide 50ml;19.9;;OK;
;;CRAZY DRIVER TASTE & FURIOUS VAPE MAKER 50ML;;E-liquide 50ml;19.9;;OK;
;;Crumby Crush T Juice 50ml;;E-liquide 50ml;15.92;;OK;
;;CYBER 66 - ASHE;;E-liquide 50ml;20.9;;OK;
;;DEEP SEAS BALEA 50ml;;E-liquide 50ml;21.9;;OK;
;;Diablo Saiyen Vapors 50ml Swoke;;E-liquide 50ml;9.95;;OK;
;;Doll 0mg 50ml - Squid Juice 2;;E-liquide 50ml;20.9;;OK;
;LT50100;DRAGON FRUIT LEMON'TIME ELIQUIDFRANCE 50ML 00MG;LEMON'TIME;E-liquide 50ml;14.93;0;OK;
;;Dragy Pills 50ml;;E-liquide 50ml;14.6;;OK;
;;Drift run66;;E-liquide 50ml;20.9;;OK;
;;E liquide ICE COOL - Kiwi Banane 50ml;;E-liquide 50ml;16.93;;OK;
;;E liquide Mojito des Iles - LES ESSENTIELS;;E-liquide 50ml;19.9;;OK;
;;E liquide Pastis 13 50ml - LIQUIDAROM;;E-liquide 50ml;15.92;;OK;
;;E-llusion Magik cerise cassis violette 50ml millesime;;E-liquide 50ml;9.95;;OK;
;;Edition Hexagone - Nothing Toulouse - 50ml;;E-liquide 50ml;21.9;;OK;
;;Enfer Green;;E-liquide 50ml;20.9;;OK;
;;Enfer Green 50ml vap47;;E-liquide 50ml;13.93;;OK;
;;Enfer mango 50ml vap47;;E-liquide 50ml;20.9;;OK;
;;Enfer Original;;E-liquide 50ml;18.81;;OK;
;;Enfer Original 50ml vap47;;E-liquide 50ml;10.45;;OK;
;;Enfer purple 50ml vap47;;E-liquide 50ml;20.4;;OK;
;;Enfer red 50ml vap47;;E-liquide 50ml;10.45;;OK;
;;Enfer ultimate freeze 50 ml vap47;;E-liquide 50ml;20.9;;OK;
;;Entremet A La Framboise Automne Protect 50ml;;E-liquide 50ml;20.9;;OK;
;;FAT NOS TASTE & FURIOUS VAPE MAKER 50ML;;E-liquide 50ml;10.45;;OK;
;;Fraise biscuit chantilly KF studio;;E-liquide 50ml;21.9;;OK;
;;Framboise Cerise Pomme Protect 50ml;;E-liquide 50ml;20.2;;OK;
;;Frisson caviar citron mechamment givre 50ml bobble;;E-liquide 50ml;17.82;;OK;
;;Frisson double mange mechamment givre 50 ml bobble;;E-liquide 50ml;15.92;;OK;
;;Frisson framboise mechamment givre 50 ml bobble;;E-liquide 50ml;17.33;;OK;
;;Frisson fruits rouges mechamment givres 50ml bobble;;E-liquide 50ml;15.04;;OK;
;;Frisson menthe mechamment givree 50ml bobble;;E-liquide 50ml;14.93;;OK;
;;Frisson passion ananas mechamment givree 50ml bobble;;E-liquide 50ml;19.9;;OK;
;;Frozen Paipai Saiyen Vapors 50ml Swoke;;E-liquide 50ml;19.9;;OK;
;;Fruit Du Dragon Baies Rouges Cassis Raisin Noir Fureur Du Dragon Le Vapoteur Breton 50ml;;E-liquide 50ml;12.0;;OK;
;;Fruit Du Dragon Fruits Rouges Ice Cool By Liquidarom 50ml 00mg;;E-liquide 50ml;19.9;;OK;
;;Fruit Du Dragon Fruits Rouges Le Petit Verger 50ml 00mg;;E-liquide 50ml;18.25;0;OK;
;;Fruit Du Dragon Fruits Rouges Le Petit Verger Frais 50ml 00mg;;E-liquide 50ml;21.9;;OK;
;;Fruit Du Dragon Goyave Fraise Fureur Du Dragon Le Vapoteur Breton 50ml;;E-liquide 50ml;12.0;;OK;
;;Fruit Du Dragon Jaune Framboise Bleue Le Petit Verger Frais 50ml;;E-liquide 50ml;21.9;;OK;
;;Fruit Du Dragon Litchi Framboise Bleue Fureur Du Dragon Le Vapoteur Breton 50ml;;E-liquide 50ml;12.0;;OK;
;;Fruit Du Dragon Raisin Fraise Chill LP Vapor 50ml;;E-liquide 50ml;12.0;;OK;
;;Fruits Rouges 50ml - Douce Foliz by Flavour Power;;E-liquide 50ml;13.97;;OK;
;;Fruits Rouges Mix Chill LP Vapor 50ml;;E-liquide 50ml;12.0;;OK;
;;Funny Jelly 50ml;;E-liquide 50ml;11.06;;OK;
;;Furiosa eggz doom v2 50ml vape47;;E-liquide 50ml;21.9;;OK;
;;Furiosa eggz griffon v2 50ml vape47;;E-liquide 50ml;21.9;;OK;
;;Furuosa eggz ultron v2 50ml vape47;;E-liquide 50ml;21.9;;OK;
;;Gang organisé Iris la perchée;;E-liquide 50ml;10.95;;OK;
;;Gang organisé Sam la menace;;E-liquide 50ml;18.77;;OK;
;;Gang organisé Vince la malice;;E-liquide 50ml;15.33;;OK;
;;Golden Key Secret's Keys Secret's Lab 50ml 00mg;;E-liquide 50ml;21.4;;OK;
;;Gran tourismo;;E-liquide 50ml;20.9;;OK;
;;Gummy Ball 50ml;;E-liquide 50ml;21.9;;OK;
;;HEISENBERG KONCEPT 50ML;;E-liquide 50ml;18.4;;OK;
;;Hook pargo fruits rouges 50ml bobble;;E-liquide 50ml;19.9;;OK;
;;ICE COOL - Pêche Raisin 50ml;;E-liquide 50ml;19.9;;OK;
;;Icy Paradise T Juice 50ml;;E-liquide 50ml;19.9;;OK;
;;Inicio Menthe chloro 50 ml;;E-liquide 50ml;21.9;;OK;
;;JUICE 66 - LE RATZ ROD;;E-liquide 50ml;10.45;;OK;
;;JUICE 66 - MONZA - 50ML;;E-liquide 50ml;19.9;;OK;
;;Juice 66 USA MB Riders;;E-liquide 50ml;16.58;;OK;
;;L'Oasis Fruitée 50ml - Douce Foliz by Flavour Power;;E-liquide 50ml;12.0;;OK;
;;La cueillette de Louise Bleu d'envie - hiver 50ml;;E-liquide 50ml;13.87;;OK;
;;La cueillette de Louise Rouge d'embarras - hiver 50ml;;E-liquide 50ml;16.92;;OK;
;;La cueillette de Louise Rubis d'amour - Hiver 50ml;;E-liquide 50ml;10.95;;OK;
;;La cueillette de Louise Rubis d'amour 50ml;;E-liquide 50ml;21.9;;OK;
;;La cueillette de Louise Teint de pêche - hiver 50ml;;E-liquide 50ml;19.43;;OK;
;;La cueillette de Louise Teint de pêche 50ml;;E-liquide 50ml;21.59;;OK;
;;Lady Daisy T Juice 50ml;;E-liquide 50ml;13.27;;OK;
;;Le Caprice 50ml - Douce Foliz by Flavour Power;;E-liquide 50ml;12.0;;OK;
;;Le Druide Vaping Quest 50ml;;E-liquide 50ml;18.91;;OK;
;;LI CHEE VEGA NU-SHORT 50ML NU VAPE;;E-liquide 50ml;20.9;;OK;
;;Low Rider V2 Fuug Life The Fuu 50ml;;E-liquide 50ml;19.86;;OK;
;;Mangue Ananas Printemps Protect 50ml;;E-liquide 50ml;20.9;;OK;
;;MASTER SQUIDE JUICE 2;;E-liquide 50ml;20.48;;OK;
;;Medusa beast 50ml crazy labs;;E-liquide 50ml;;;Prix manquant;Prix de vente à renseigner.
;;Medusa berrywood 50ml crazy labs;;E-liquide 50ml;21.9;;OK;
;;Medusa dark rainbow 50ml crazy labs;;E-liquide 50ml;16.43;;OK;
;;Medusa enigma 50ml crazy labs;;E-liquide 50ml;21.9;;OK;
;;Medusa green 50ml crazy labs;;E-liquide 50ml;20.81;;OK;
;;Medusa mistery ice 50ml crazy labs;;E-liquide 50ml;17.92;;OK;
;;Medusa pink 50ml crazy labs;;E-liquide 50ml;16.43;;OK;
;;Medusa sunburts 50ml crazy labs;;E-liquide 50ml;18.96;;OK;
;;Medusa sunny 50ml crazy labs;;E-liquide 50ml;16.95;;OK;
;;Medusa sunny ice 50 ml by crazy labs;;E-liquide 50ml;21.9;;OK;
;;Medusa velvet 50ml crazy labs;;E-liquide 50ml;21.9;;OK;
;;Medusa virgo 50ml crazy labs;;E-liquide 50ml;21.9;;OK;
;;Menthe Chlorophylle Nectar Protect;;E-liquide 50ml;18.29;;OK;
;;Menthe à l'eau fogz;;E-liquide 50ml;19.83;;OK;
;;Mexican cartel cassis framboise cactus 50ml;;E-liquide 50ml;15.68;;OK;
;;Mila 50 ml;;E-liquide 50ml;12.0;;OK;
;;Mistyk Liquideo Juice Heroes 50ml 00mg;;E-liquide 50ml;16.4;;OK;
;;Mûre Sauvage Violette Ice Cool by Liquidarom 50ml;;E-liquide 50ml;17.56;;OK;
;;Nectarine Fruit Du Dragon Ete Protect 50ml;;E-liquide 50ml;20.77;;OK;
;;No filter VanHill;;E-liquide 50ml;20.9;;OK;
;;Numero 2 La Manufacture LP Vapor 50ml;;E-liquide 50ml;12.0;;OK;
;;One taste chlorophylle 50ml e-tasty;;E-liquide 50ml;10.95;;OK;
;;OPALI inspiration e-tasty;;E-liquide 50ml;;;Prix manquant;Prix de vente à renseigner.
;;Original Bro 50 ml;;E-liquide 50ml;10.63;;OK;
;LT50600;PASSION FRUIT LEMON'TIME ELIQUIDFRANCE 50ML 00MG;LEMON'TIME;E-liquide 50ml;19.9;;OK;
;;Pasteque Cerise Chill LP Vapor 50ml;;E-liquide 50ml;19.9;;OK;
;;Peche Litchi Fruits Rouges Printemps Protect 50ml;;E-liquide 50ml;20.9;;OK;
;;Pineapple Pan My Pulp 50ml;;E-liquide 50ml;12.0;;OK;
;;pop corn caramel OZIGO KF studio;;E-liquide 50ml;21.9;;OK;
;;Prodigy fruit rouge;;E-liquide 50ml;20.9;;OK;
;;Prodigy granade fraise kiwi;;E-liquide 50ml;18.81;;OK;
;;Prodigy pocket 50ml cassis citron;;E-liquide 50ml;20.9;;OK;
;;Prodigy pocket 50ml kiwi fraise;;E-liquide 50ml;20.9;;OK;
;;Prodigy pocket 50ml menthe lime;;E-liquide 50ml;20.9;;OK;
;;Purple Fresh Power Juice Flavour Power 50ml;;E-liquide 50ml;20.9;;OK;
;;Purple Mix 50ml - Paperland by Airmust;;E-liquide 50ml;;;Prix manquant;Prix de vente à renseigner.
;;Purple Power Juice Flavour Power 50ml;;E-liquide 50ml;20.9;;OK;
;;Pythagore Protect 50ml 00mg;;E-liquide 50ml;20.9;;OK;
;;RED STAR FOGZ;;E-liquide 50ml;19.9;;OK;
;;Red Valentine Tendre rouge ( fraise, fruits des bois);;E-liquide 50ml;10.9;;OK;
;;Rush run66;;E-liquide 50ml;20.9;;OK;
;;Sakura Dream T Juice 50ml;;E-liquide 50ml;9.95;;OK;
;;Shiva Ultimate A&L 50ml 00mg;;E-liquide 50ml;20.9;;OK;
;;Siko 50 ml - Bankiz by E.Tasty;;E-liquide 50ml;15.08;;OK;
;;SMILY CANDY 50ml;;E-liquide 50ml;21.9;;OK;
;;SUNNY COLA 50ml;;E-liquide 50ml;8.21;;OK;
;;Teeny Berry 50 ml;;E-liquide 50ml;12.0;;OK;
;;Tiny Blue 50ml;;E-liquide 50ml;10.95;;OK;
;;Tribal force lemon splash mojito 50ml;;E-liquide 50ml;19.9;;OK;
;;TRIO SQUID JUICE 2;;E-liquide 50ml;20.9;;OK;
;;Tulum Nox Secret's Lab 50ml;;E-liquide 50ml;21.9;;OK;
;;USA TABAC CLASSIC;;E-liquide 50ml;19.9;;OK;
;;Valentine's DAY Attraction;;E-liquide 50ml;;;Prix manquant;Prix de vente à renseigner.
;;Valentine's DAY Vertige;;E-liquide 50ml;;;Prix manquant;Prix de vente à renseigner.
;;vaporant ionis;;E-liquide 50ml;10.9;;OK;
;;Vapy bear V2 Fuug Life The fuu 50ml;;E-liquide 50ml;20.9;;OK;
;;Warrior egyptian 50ml crazy labs;;E-liquide 50ml;;;Prix manquant;Prix de vente à renseigner.
;;Warrior samurai 50ml crazy labs;;E-liquide 50ml;9.95;;OK;
;;Warrior viking 50ml crazy labs;;E-liquide 50ml;19.9;;OK;
;;Wepp's Agrum 50ml - Creative Suite by Eliquid France;;E-liquide 50ml;22.9;;OK;
;;caribbean gold society club 60ml;;E-liquide 60ml;19.9;;OK;
;;CASSIS NOIR PETIT NUAGE 60ML 00MG + FIOLE VIDE 30ML GRADUEE;;E-liquide 60ml;22.9;;OK;
;;cerise intense unik 60ml;;E-liquide 60ml;18.57;;OK;
;;framboise unik 60ml;;E-liquide 60ml;13.27;;OK;
;;mangue cassis juicy & fresh 60ml;;E-liquide 60ml;19.9;;OK;
;;mani abano society club 60ml;;E-liquide 60ml;19.9;;OK;
;;menthe glacial unik 60ml;;E-liquide 60ml;19.9;;OK;
;;pomme harmonie unik;;E-liquide 60ml;19.9;;OK;
;;raisin noir unik 60ml;;E-liquide 60ml;19.9;;OK;
;;vanilla roasted society club;;E-liquide 60ml;19.9;;OK;
;;Le Maudit Vape Institut 80ml 00mg;;E-liquide 80ml;28.43;;OK;
;;Easy pod gris;;Easy pod;19.9;;OK;
;;Easy pod pink;;Easy pod;19.9;;OK;
;;Easy pod recharge freho;;Easy pod;9.9;;OK;
;;Easy pod rouge;;Easy pod;19.9;;OK;
;;Recharge easy pod  barbe a papa 20 mg;;Easy pod;9.9;;OK;
;;Recharge easy pod  siko 20 mg;;Easy pod;9.9;;OK;
;;Recharge easy pod barbe a papa 10 mg;;Easy pod;9.9;;OK;
;;Recharge easy pod cerise noir 20 mg;;Easy pod;9.9;;OK;
;;Kuix ananas fresh 10mg;;Kuix;6.0;;OK;
;;Kuix banana fraise fresh 10mg;;Kuix;6.0;;OK;
;;Kuix banana fraise fresh 20mg;;Kuix;6.0;;OK;
;;Kuix batterie black;;Kuix;12.9;;OK;
;;Kuix batterie blue;;Kuix;12.9;;OK;
;;Kuix cassis raisin fresh 10mg;;Kuix;6.0;;OK;
;;Kuix chuck yougner 10mg;;Kuix;6.0;;OK;
;;Kuix chuck yougner 20mg;;Kuix;6.0;;OK;
;;Kuix cola citron fresh 10mg;;Kuix;6.0;;OK;
;;Kuix cola citron fresh 20mg;;Kuix;6.0;;OK;
;;Kuix love 66 fresh 10mg;;Kuix;6.0;;OK;
;;Kuix love 66 fresh 20mg;;Kuix;6.0;;OK;
;;Kuix menthe fresh 10mg;;Kuix;6.0;;OK;
;;Kuix menthe fresh 20mg;;Kuix;6.0;;OK;
;;Kuix milkshake fraise 10mg;;Kuix;6.0;;OK;
;;Kuix milkshake fraise 20mg;;Kuix;6.0;;OK;
;;Kuix mix berry fresh 10mg;;Kuix;6.0;;OK;
;;Kuix mix berry fresh 20mg;;Kuix;6.0;;OK;
;;Kuix myrtille fresh 10mg;;Kuix;6.0;;OK;
;;Kuix myrtille fresh 20mg;;Kuix;6.0;;OK;
;;Kuix raisin fresh 20mg;;Kuix;6.0;;OK;
;;Kuix watermelon fresh 10mg;;Kuix;6.0;;OK;
;;Precisio blaster Sub-Ohm Edition - BD Vape;;Mes articles;37.44;;OK;
;;Lot noël liquide;;Noël;20.0;;OK;
;;Lot noël pod;;Noël;25.0;;OK;
;;Sachet de paques;;Paques;20.0;;OK;
;;Kit Solobar 2400 4en1 (+ Pod 2ml 20mg) Blue;;Pod;29.9;;OK;
;;Kit Solobar 2400 4en1 (+ Pod 2ml 20mg) Yellow;;Pod;29.9;;OK;
;;Ursa nano 3 pod kit;;Pod;29.9;;OK;
;;Pod Tappo 2ml 20mg Lost Mary;;RECHARGE POD;6.0;;OK;
;;Cotton Pro 8.5m BP Mods 3mm;;Reconstructible;9.18;;OK;
;;Drop Dead 2 RDA Hellvape bloody mess;;Reconstructible;37.5;;OK;
;;Geekvape z x rta gunmetal;;Reconstructible;44.9;;OK;
;;Geekvape z x rta noir;;Reconstructible;44.9;;OK;
;;Pack de 10 coils Triple Fused Clapton DL NI 80 3*28G/38G Fumytech;;Reconstructible;17.0;0;OK;
;;Superfine MTL Fused clapton coil  Vandy Vape;;Reconstructible;1.7;;OK;
;;Asmodus minikin pod coil 0.3;;Resistances;3.1;;OK;
;;B COIL 0.2;;Resistances;3.8;;OK;
;;Bdc 0,2 bd vape;;Resistances;3.5;;OK;
;;Bdc 0,3 bd vape;;Resistances;3.5;;OK;
;;GT CORES COIL 0.18;;Resistances;3.5;;OK;
;;GT Mesh Coil 0.18ohm Cascade/NRG Vaporesso;;Resistances;3.5;;OK;
;;GTI MESH COIL 0.15;;Resistances;4.1;;OK;
;;GTX 0.15;;Resistances;3.2;;OK;
;;GTX 0.2;;Resistances;3.2;;OK;
;;GTX MESH COIL 0.4;;Resistances;3.1;;OK;
;;GTX-2 Vaporesso - 0.3 ohm;;Resistances;2.86;;OK;
;;GTX-2 Vaporesso - 0.4 ohm;;Resistances;3.2;;OK;
;;J GeekVape - 0.8 ohm;;Resistances;3.2;;OK;
;;Mesh GTI Itank Vaporesso - 0.15 ohm;;Resistances;4.08;;OK;
;;Mesh GTI Itank Vaporesso - 0.2 ohm;;Resistances;3.65;;OK;
;;P GeekVape 0.2 ohm : 60-70W;;Resistances;3.2;;OK;
;;P XM COIL 0.15;;Resistances;3.8;;OK;
;;Pack de 5 résistances GTX-2 Vaporesso;;Resistances;19.5;;OK;
;;Pack de 5 résistances Mesh GTI Itank Vaporesso;;Resistances;20.5;;OK;
;;Pack de 5 résistances Z XM GeekVape;;Resistances;20.5;;OK;
;;PnP X 0.15ohm recommandée à 60-80W;;Resistances;3.2;;OK;
;;PNP X 0.20;;Resistances;2.59;;OK;
;;PnP X 0.3ohm recommandée à 32-40W;;Resistances;3.2;;OK;
;;PNP-TR1 COIL 1.2;;Resistances;3.1;;OK;
;;pnp-TW Voopoo - 0.2 ohm;;Resistances;3.2;;OK;
;;PNP-TW15 COIL 0.15;;Resistances;3.2;;OK;
;;Pnp-tw20 55w;;Resistances;3.2;;OK;
;;PnP-VM1 0.3Ω recommandées à 32W-40W.;;Resistances;3.2;;OK;
;;PNPX COIL 0.15;;Resistances;3.2;;OK;
;;PNPX COIL 0.2;;Resistances;3.2;;OK;
;;Resistance precisio 0.15;;Resistances;3.1;;OK;
;;resistance z 0,15 hom;;Resistances;4.1;;OK;
;;Résistances 1.6 Ohm / 1.8 Ohm BVC Nautilus Aspire - 1.8 ohms;;Resistances;1.4;;OK;
;;résistances AF Mesh Aspire - 0.4 ohm;;Resistances;3.1;;OK;
;;Résistances PZP Max Innokin - 0.2 ohm;;Resistances;2.92;;OK;
;;Résistances PZP Max Innokin - 0.4 ohm;;Resistances;3.1;;OK;
;;résistances Z-Coil / Plexus Innokin - 0.3 ohm;;Resistances;2.96;;OK;
;;TFV16 MESH COIL 0.17;;Resistances;4.1;;OK;
;;TPP-DM1 COIL 0.15;;Resistances;3.8;;OK;
;;TPP-DM2 0.2ohm Voopoo;;Resistances;3.8;;OK;
;;UB Lite L7 0.3 ohm : 32-40W;;Resistances;3.5;;OK;
;;UB LITE L7 COIL 0.3;;Resistances;3.5;;OK;
;;UB MAX 0.2;;Resistances;3.5;;OK;
;;UB MAX COIL 0.15;;Resistances;3.5;;OK;
;;UB MAX COIL 0.2;;Resistances;3.5;;OK;
;;UB MAX COIL 0.3;;Resistances;3.5;;OK;
;;Ultra Boost Max X6 en 0.15ohm recommandée entre 80 et 120W.;;Resistances;3.5;;OK;
;;Z 0.2 COIL;;Resistances;4.1;;OK;
;;Z 0.4 COIL;;Resistances;4.1;;OK;
;;Z COIL 0.2;;Resistances;4.1;;OK;
;;Z XM COIL 0.15;;Resistances;3.87;;OK;
;;Z Zeus GeekVape - 0.15 ohm;;Resistances;4.04;;OK;
;;Z Zeus GeekVape - 0.2 ohm;;Resistances;4.06;;OK;
;;Z Zeus GeekVape - 0.25 DUAL COIL;;Resistances;2.99;;OK;
;;Cartouche 5ml BP Stick Aspire;;réservoir;5.9;;OK;
;;Geekvape q0.6 cartridge recommandé entre 18 et 25w;;réservoir;6.9;;OK;
;;LUXE X 0.4;;réservoir;7.0;;OK;
;;LUXE X 0.6 MESH POD;;réservoir;6.87;;OK;
;;Pack de 2 Cartouches 6ml Hookah Air Fumytech;;réservoir;12.5;;OK;
;;Pod de Remplacement Kanger Evo Pod Kangertech blanc;;réservoir;6.0;;OK;
;;Wenax m1 cartridge v2 0.8ohm geekvape;;réservoir;6.36;;OK;
;;Cadeaux Noël All Vap's 2025;;S.Noël;21.9;;OK;
